code,name,batch,stock,deal,free,mrp,rate,exp,company,supplier
RENT,RENT,,24,0,0,0,0,/  /,RENT,SARADA PHARMACY      MADHIRA
PACKTAG,TAG ROLL,XXX,15,0,0,0,0,/  /,GENARAL COMPANY,V.H.M.TRADERS VIJAYAWADA
PACKTAG,TAG ROLL,XXX,15,0,0,0,0,/  /,GENARAL COMPANY,V.H.M.TRADERS VIJAYAWADA
WLCMD,COLIMEX DROPS,CRR007A,-15,19,1,40.8,29.14,/  /,WALLACE PHARMA,WALLACE PHARMACEUTICALS PVT.LTHYDERABAD
XXCKS,GIFT ITEM,SHOWER TO,5,0,0,1,1,01/01/2031,GIFT ARTICALS,
XXCKS,GIFT ITEM,ZINCOLD TA,2,0,0,1,1,01/10/2030,GIFT ARTICALS,MED MANOR ORGANICS PVT LT     HYDERABAD
XXCLB,GIFT BAG,TRELLIS,2,0,0,0.01,0.01,01/03/2030,GIFT ARTICALS,MED MANOR ORGANICS PVT LT     HYDERABAD
XXCKS,GIFT ITEM,PAINT/SHAR,2,0,0,1,0.95,01/03/2030,GIFT ARTICALS,MED MANOR ORGANICS PVT LT     HYDERABAD
XXCKS,GIFT ITEM,NA,1,0,0,1,0.95,01/10/2025,GIFT ARTICALS,
XXCKS,GIFT ITEM,NA,4,0,0,1,0.95,01/10/2025,GIFT ARTICALS,
N2,TIFFIN BOX/FLASK NO,FOC,4,0,0,0,0,26/03/2025,GIFT ARTICALS,MACLEODS PHARMACEUTICALS LTD  HYDERABAD   TEL
XXCKS,GIFT ITEM,NA,2,0,0,1,0.95,01/03/2025,GIFT ARTICALS,
CICPR,ROTAHALER,03J20020,-2,0,0,126.44,90.31,01/01/2025,CIPLA(RESP 2),CIPLA LIMITED  HYDERABAD
BDES2,BD EMERALD SYRINGE,30523,2400,0,0,8,2.2,01/01/2025,BD SYRINGES  (MANTRI PHARMA),MANTRI PHARAM     HYDERABAD
BDEM3,BD EMERALD SYRINGE,32479,7200,0,0,8,2.2,01/01/2025,BD SYRINGES  (MANTRI PHARMA),MANTRI PHARAM     HYDERABAD
BDEM3,BD EMERALD SYRINGE,35475,7200,0,0,8,2.2,01/01/2025,BD SYRINGES  (MANTRI PHARMA),MANTRI PHARAM     HYDERABAD
CICPR,ROTAHALER,03J20002,31,0,0,126.44,90.31,01/12/2024,CIPLA(RESP 2),CIPLA LIMITED  HYDERABAD
BDES5,BD EMERALD SYRINGE,9364723,1600,0,0,9,2.65,01/12/2024,BD SYRINGES  (MANTRI PHARMA),MANTRI PHARAM     HYDERABAD
BDEM3,BD EMERALD SYRINGE,9362434,1000,0,0,8,2.2,01/11/2024,BD SYRINGES  (MANTRI PHARMA),MANTRI PHARAM     HYDERABAD
BDE10,BD EMERALD SYRINGE,9362439,650,0,0,14.5,4.25,01/11/2024,BD SYRINGES  (MANTRI PHARMA),MANTRI PHARAM     HYDERABAD
BDES2,BD EMERALD SYRINGE,9362431,3700,0,0,8,2.2,01/11/2024,BD SYRINGES  (MANTRI PHARMA),MANTRI PHARAM     HYDERABAD
BDES2,BD EMERALD SYRINGE,9362431,4800,0,0,8,2.2,01/11/2024,BD SYRINGES  (MANTRI PHARMA),MANTRI PHARAM     HYDERABAD
CICRE,REVOLIZER,38J19080,4,0,0,223.85,159.89,01/09/2024,CIPLA(RESP 1),CIPLA LIMITED  HYDERABAD
BDINS,BD INSULIN SYRINGE U 40,9231178,50,0,0,86,61.94,01/09/2024,BD SYRINGES  (MANTRI PHARMA),MANTRI PHARAM     HYDERABAD
BDINS,BD INSULIN SYRINGE U 40,9231186,200,0,0,86,61.94,01/09/2024,BD SYRINGES  (MANTRI PHARMA),MANTRI PHARAM     HYDERABAD
SUNZT,ZEPTOL 200MG TAB***,ESU1718,7,0,0,15.09,10.78,01/09/2024,SUN PHARMACEUTICAL I LTD,PRUDHVI AGENCIES VIJAYAWADA
BDINS,BD INSULIN SYRINGE U 40,9231174,250,0,0,86,61.94,01/08/2024,BD SYRINGES  (MANTRI PHARMA),MANTRI PHARAM     HYDERABAD
PFM16,MEDROL 16MG TABS,DA3714,24,0,0,134.45,103.48,01/08/2024,PFIZER  (RESPI),PFIZER LIMITED HYDERABAD
BDINU,BD INSULIN SYRINGE U 100,9154702,16,0,0,86,61.94,01/06/2024,BD SYRINGES  (MANTRI PHARMA),MANTRI PHARAM     HYDERABAD
PFMD4,MEDROL 4MG TABS,CY9788,14,0,0,52.59,37.56,01/04/2024,PFIZER  (RESPI),PFIZER LIMITED HYDERABAD
APNRT,NEERI TAB **,NERT3371D,15,10,1,155,110.72,01/03/2024,GENARAL COMPANY,LAKSHMI BALAJI CORPORATION VIJAYAWADA
MLOC1,OMNACORTIL 10MG TAB,GOC2024A,475,0,0,10.64,7.98,31/01/2024,MACLEODS  (MACPHAR),MACLEODS PHARMACEUTICALS LTD  HYDERABAD   TEL
WASEK,SENSODENT-K,SAF13BB4,12,10,1,115,82.14,01/01/2024,INDOCO (WARREN PHARMA),INDOCO REMEDIES LTD(INDOC)    HYDERABAD
WASK5,SENSODENT-K,SAF39BB4,8,10,1,75,53.57,01/01/2024,INDOCO (WARREN PHARMA),INDOCO REMEDIES LTD(INDOC)    HYDERABAD
WASE5,SENSOFORM,SAG5BB4,103,10,1,76,54.29,01/01/2024,INDOCO (WARREN PHARMA),INDOCO REMEDIES LTD(INDOC)    HYDERABAD
UQMG2,METROGYL 200MG TAB,AM20006,-1,0,0,11.42,8.79,01/01/2024,J.B. CHE&PHARMA LIMITED  (DIVA),J.B.CHEMICALS AND PHARMA      SECUNDERABAD
UQMG2,METROGYL 200MG TAB,AM20010,1,0,0,11.42,8.79,01/01/2024,J.B. CHE&PHARMA LIMITED  (DIVA),J.B.CHEMICALS AND PHARMA      SECUNDERABAD
MIDPT,DOLOPAR TAB***,DOCS0134,2,5,1,45,32.15,01/01/2024,MICRO LABS,LAKSHMI VENKATESWARA PHARMA   HYDERABAD
MDAV5,AMLOVAS 5MG TAB,KAB2002A,-5,0,0,42.84,30.6,01/01/2024,MACLEODS (PROCARE) AHT,MACLEODS PHARMACEUTICALS LTD  HYDERABAD   TEL
MLOC1,OMNACORTIL 10MG TAB,GOC2030A,50,0,0,10.64,7.98,01/01/2024,MACLEODS  (MACPHAR),MACLEODS PHARMACEUTICALS LTD  HYDERABAD   TEL
MLOC1,OMNACORTIL 10MG TAB,GOC2031A,-50,0,0,10.64,7.98,01/01/2024,MACLEODS  (MACPHAR),MACLEODS PHARMACEUTICALS LTD  HYDERABAD   TEL
MLOC2,OMNACORTIL 20MG TAB,GOD2008A,5,0,0,21.39,16.04,31/12/2023,MACLEODS  (MACPHAR),MACLEODS PHARMACEUTICALS LTD  HYDERABAD   TEL
MLOC5,OMNACORTIL 5MG TAB,GOB2015A,790,0,0,6.16,4.62,31/12/2023,MACLEODS  (MACPHAR),MACLEODS PHARMACEUTICALS LTD  HYDERABAD   TEL
GRCV6,CANDID-V6 TABS,50200004,18,0,0,57.12,40.8,31/12/2023,GLENMARK PHARMA,SAI DWAR PHARMACEUTICALS HYDERABAD(GLENMARK)
WASE1,SENSOFORM,SAG12AB4,113,10,1,107,76.43,01/12/2023,INDOCO (WARREN PHARMA),INDOCO REMEDIES LTD(INDOC)    HYDERABAD
MDAV5,AMLOVAS 5MG TAB,KAB2001B,18,0,0,42.84,30.6,01/12/2023,MACLEODS (PROCARE) AHT,MACLEODS PHARMACEUTICALS LTD  HYDERABAD   TEL
CBTT2,TEGRITAL 200MG TAB,210CPAO0,192,0,0,15.2,11.7,01/12/2023,NOVARTIS (PRASAAR),NOVARTIS INDIA LIMITED        HYDERABAD
MIDL6,DOLO-650MG TAB***,DOBS1856,744,9,1,30.24,21.62,01/12/2023,MICRO LABS,SARADA PHARMACY      MADHIRA
GMDRA,DERIPHYLIN AMP,AIW1017,3000,0,0,6.8,4.86,01/12/2023,GERMAN REMADIES LTD,ZYDUS HEALTHCARE LIMITED      HYDERABAD
MDAV2,AMLOVAS 2.5MG TAB,KAA909B,6,0,0,27.21,19.43,30/11/2023,MACLEODS (PROCARE) AHT,MACLEODS PHARMACEUTICALS LTD  HYDERABAD   TEL
AFDE1,EPILAN TABS,12918P,3,0,0,2983.88,2131.34,01/11/2023,ANGLO FRENCH DRUGD,ANGLO FRENCH DRUGS & INDST LTDHYDERABAD
WASF1,SENSODENT KF,SAD16LA4,20,9,1,106.7,76.21,01/11/2023,INDOCO (WARREN PHARMA),INDOCO REMEDIES LTD(INDOC)    HYDERABAD
GRCNP,CANDID POWDER,72190424,120,14,1,80,57.14,31/10/2023,GLENMARK PHARMA,SAI DWAR PHARMACEUTICALS HYDERABAD(GLENMARK)
ALAC5,ALCIPRO 500MG TAB,19442903,60,10,1,39.93,29.95,01/10/2023,ALKEM (PHARMA),ALKEM LABORATORIES LIMITED    MALKAJGIRI (DIS
INCPT,CYCLOPAM TAB,CEB5K97,92,9,1,46.35,33.11,01/10/2023,INDOCO,INDOCO REMEDIES LTD(INDOC)    HYDERABAD
MIDL6,DOLO-650MG TAB***,DOBS1775,720,9,1,30.24,21.62,01/10/2023,MICRO LABS,LAKSHMI BALAJI CORPORATION VIJAYAWADA
MIDL6,DOLO-650MG TAB***,DOBS1782,1107,9,1,30.24,21.62,01/10/2023,MICRO LABS,LAKSHMI BALAJI CORPORATION VIJAYAWADA
GRCDP,CANDID POWDER,34191683,38,14,1,125,89.29,01/10/2023,GLENMARK PHARMA,SAI DWAR PHARMACEUTICALS HYDERABAD(GLENMARK)
GMPD5,PROLUTON DEPOT 500 AMP,G905317,24,9,1,278.6,199,01/10/2023,GERMAN REMADIES (GYNNEXT),SARADA PHARMACY      MADHIRA
UQMG2,METROGYL 200MG TAB,AM29064,30,0,0,7.53,5.8,01/09/2023,J.B. CHE&PHARMA LIMITED  (DIVA),J.B.CHEMICALS AND PHARMA      SECUNDERABAD
GRCV3,CANDID-V3 TABS,50190061,14,0,0,65,46.43,01/09/2023,GLENMARK PHARMA,SAI DWAR PHARMACEUTICALS HYDERABAD(GLENMARK)
GRDCB,DECA DURABOLIN  50MG AMP,G904712,6,0,0,338.4,241.71,01/09/2023,ZYDUS FORTIZA,ZYDUS HEALTHCARE LIMITED      HYDERABAD
GMDRA,DERIPHYLIN AMP,BGV1196,710,0,0,6.8,4.86,01/09/2023,GERMAN REMADIES LTD,ZYDUS HEALTHCARE LIMITED      HYDERABAD
MDO4T,OFLOMAC 400MG TAB,KOC903A,10,0,0,127,90.71,31/08/2023,MACLEODS (PHARMA) DIVISION,MACLEODS PHARMACEUTICALS LTD  HYDERABAD   TEL
MLOT5,OMNITAN 50MG TAB,KOR902A,8,0,0,88,62.86,31/07/2023,MACLEODS (PROCARE) AHT,MACLEODS PHARMACEUTICALS LTD  HYDERABAD   TEL
ECAM5,ASOMEX 5MG TAB,E16AQ20002,40,0,0,142.15,101.54,01/07/2023,EMCURE PHARMACEUTICALS LTD,EMCURE PHARMACEUTICALS LTD  HYDERABAD
GRDDL,DECA DURABOLIN  25MG AMP,G905036,2,0,0,218.6,156.14,01/07/2023,ZYDUS FORTIZA,ZYDUS HEALTHCARE LIMITED      HYDERABAD
MDO4T,OFLOMAC 400MG TAB,KOC902B,2,0,0,127,90.71,30/06/2023,MACLEODS (PHARMA) DIVISION,MACLEODS PHARMACEUTICALS LTD  HYDERABAD   TEL
ECAM2,ASOMEX 2.5MG TAB,E16AP20003,40,0,0,91.2,65.14,01/06/2023,EMCURE PHARMACEUTICALS LTD,EMCURE PHARMACEUTICALS LTD  HYDERABAD
HMCTT,CYSTONE TAB,192000403,1,0,0,125,85.93,01/06/2023,THE HIMALAYA DRUG CO ( ZENITH),THE HIMALAYA DRUG COMPANY     HYDERABAD
WASF5,SENSODENT KF,SAD12G94,12,9,1,72,51.43,01/06/2023,INDOCO (WARREN PHARMA),
MDO3T,OFLOMAC 300MG TAB,KOP901A,43,0,0,110,78.57,31/05/2023,MACLEODS (PHARMA) DIVISION,MACLEODS PHARMACEUTICALS LTD  HYDERABAD   TEL
KNCPS,CREMAFFIN PINK SYR(M.F),CFB0038,60,0,0,191.84,137.03,01/05/2023,ABBOTT (GASTROCARE),ABBOTT INDIA LIMITED HYDERABAD
KNCPS,CREMAFFIN PINK SYR(M.F),CFB038,-60,0,0,191.84,137.03,01/05/2023,ABBOTT (GASTROCARE),ABBOTT INDIA LIMITED HYDERABAD
KNCPS,CREMAFFIN PINK SYR(M.F),CFB0041,3,0,0,191.84,137.03,01/05/2023,ABBOTT (GASTROCARE),ABBOTT INDIA LIMITED HYDERABAD
ECAM2,ASOMEX 2.5MG TAB,E16AP19027,16,0,0,91.2,65.14,01/05/2023,EMCURE PHARMACEUTICALS LTD,EMCURE PHARMACEUTICALS LTD  HYDERABAD
USGM5,GLYCOMET 500MG TABS **,28020752,-5,0,0,16.8,12,01/05/2023,USV PHARMA,PRUDHVI PHARMACEUTICALS VIJAYAWADA
KNCPS,CREMAFFIN PINK SYR(M.F),CFB0040,-3,0,0,191.84,137.03,01/05/2023,ABBOTT (GASTROCARE),VIJAYA DURGA AGENCIES   VIJAYAWADA
GMPD2,PROLUTON DEPOT 250 AMP,G902869,29,9,1,173.2,123.71,01/05/2023,GERMAN REMADIES (GYNNEXT),ZYDUS HEALTHCARE LIMITED      HYDERABAD
TOBC5,BETACARD-50MG TAB,2172F003,25,0,0,27.35,19.54,30/04/2023,TORRENT PHARMACEUTICALS LTD,TORRENT PHARMACEUTICALS LTD   HYDERABAD
KNCPS,CREMAFFIN PINK SYR(M.F),CFB0027,1,0,0,191.84,137.03,01/04/2023,ABBOTT (GASTROCARE),ABBOTT INDIA LIMITED HYDERABAD
DPKTA,KETOROL AMP,V0115,20,9,1,27.5,19.64,01/04/2023,DR.REDDY`S LAB`S(RECURA ACE),DR REDDY`S LABORATORIES LTD   HYDERABAD
ISFBP,FEBREX PLUS TAB,FEK2EBC4,-1,9,1,50.9,36.36,01/04/2023,INDOCO (SPADE),INDOCO REMEDIES LTD(INDOC)    HYDERABAD
ISFBP,FEBREX PLUS TAB,FEK2EBC4,3,9,1,50.9,36.36,01/04/2023,INDOCO (SPADE),INDOCO REMEDIES LTD(INDOC)    HYDERABAD
MIDPT,DOLOPAR TAB***,DOCS0117,-2,4,1,45,32.15,01/04/2023,MICRO LABS,LAKSHMI VENKATESWARA MEDICAL HALL GUNTUR
USGM2,GLYCOMET 250MG TABS **,28020627,-2,0,0,13,9.29,01/04/2023,USV PHARMA,PRUDHVI PHARMACEUTICALS VIJAYAWADA
USGM2,GLYCOMET 250MG TABS **,28020626,2,0,0,13,9.29,01/04/2023,USV PHARMA,PRUDHVI PHARMACEUTICALS VIJAYAWADA
USGM5,GLYCOMET 500MG TABS **,28020705,5,0,0,16.8,12,01/04/2023,USV PHARMA,PRUDHVI PHARMACEUTICALS VIJAYAWADA
USGGP,GLYCOMET-GP 1MG **,28020626,-40,0,0,96.63,69.02,01/04/2023,USV PHARMA,PRUDHVI PHARMACEUTICALS VIJAYAWADA
KNCPS,CREMAFFIN PINK SYR(M.F),CFB0031,-1,0,0,191.84,137.03,01/04/2023,ABBOTT (GASTROCARE),SARADA PHARMACY      MADHIRA
RAZFO,ZOLE-F OINTMENT,G34020,3,0,0,81,57.86,01/04/2023,RANBAXY(MAXXIM),SUN PHARMA DISTRIBUTORS LTD   SHAMEERPET
DPKTA,KETOROL AMP,V0082,-20,9,1,27.5,19.64,01/03/2023,DR.REDDY`S LAB`S(RECURA ACE),DR REDDY`S LABORATORIES LTD   HYDERABAD
INCTS,CITAL SYR,CNB6DBC7,-5,7,1,82,58.57,01/03/2023,INDOCO,INDOCO REMEDIES LTD(INDOC)    HYDERABAD
ISFBP,FEBREX PLUS TAB,FEK2DBC4,-5,9,1,50.9,36.36,01/03/2023,INDOCO (SPADE),INDOCO REMEDIES LTD(INDOC)    HYDERABAD
ISFBP,FEBREX PLUS TAB,FEK10DBC4,3,9,1,50.9,36.36,01/03/2023,INDOCO (SPADE),INDOCO REMEDIES LTD(INDOC)    HYDERABAD
IVCS1,CAL SHAKTI,T2000531,7,5,1,160,128,01/03/2023,INTAS PHARMA (BOVICURRA),INTAS PHARMCEUTICALS LTD      HYDERABAD
UQNR1,NICARDIA-RTD 10MG T,ACG0006,96,0,0,35.16,25.12,01/03/2023,J.B. CHE&PHARMA LIMITED  (VIVA),J.B.CHEMICALS AND PHARMA      SECUNDERABAD
UQNR1,NICARDIA-RTD 10MG T,ACG20006,-96,0,0,35.16,25.12,01/03/2023,J.B. CHE&PHARMA LIMITED  (VIVA),J.B.CHEMICALS AND PHARMA      SECUNDERABAD
SNOT2,OXETOL 300MG TABS **,EMX1037,1,0,0,94,67.14,01/03/2023,SUN PHARMACEUTICAL I LTD,PRUDHVI AGENCIES VIJAYAWADA
AJMTX,MET XL 25 TABS**,GT0380D,-4,0,0,90.05,64.32,01/03/2023,GENARAL COMPANY,PRUDHVI PHARMACEUTICALS VIJAYAWADA
AJMTX,MET XL 25 TABS**,GT0390D,4,0,0,90.05,64.32,01/03/2023,GENARAL COMPANY,PRUDHVI PHARMACEUTICALS VIJAYAWADA
RAZFO,ZOLE-F OINTMENT,G30520,-3,0,0,81,57.86,01/03/2023,RANBAXY(MAXXIM),SUN PHARMA DISTRIBUTORS LTD   SHAMEERPET
SDNNA,NAPROSYN 500MG TABS**,02N20037,20,0,0,57.05,40.75,01/03/2023,SANDOZ INDIA LTD,TRINETRA PHARMA    HYDERABAD
SDNNA,NAPROSYN 500MG TABS**,02N20042,-20,0,0,57.05,40.75,01/03/2023,SANDOZ INDIA LTD,TRINETRA PHARMA    HYDERABAD
H&HDER,DERMADEW SOAP,B213,3,0,0,149,101.02,01/03/2023,H&H PHARMA (HEALTHCARE),VEGAVAAN PHARMA      SECUNDERABAD
VERFT,FEPANIL 650 TAB,FCTS20D05,20,10,2,30.7,21.93,01/03/2023,VERITAZ HEALTHCARE LIMITED,VERITAZ HEALTHCARE LIMITED    HYDERABAD
CCAT4,ASTHALIN 4MG TAB,K400054,300,0,0,6.01,4.29,28/02/2023,CIPLA (SPEETRACARE-2),CIPLA LIMITED  HYDERABAD
BTISG,INSUGEN-30/70 INJ,19ITF40002,100,0,0,154,123.2,01/02/2023,BIOCON,BIOCON BIOLOGIS INDIA LTD  SECUNDERABAD
BTISG,INSUGEN-30/70 INJ,V19ITF4000,-100,0,0,154,123.2,01/02/2023,BIOCON,BIOCON BIOLOGIS INDIA LTD  SECUNDERABAD
INCTS,CITAL SYR,CNB6CBA1,5,7,1,82,58.57,01/02/2023,INDOCO,INDOCO REMEDIES LTD(INDOC)    HYDERABAD
IVCS1,CAL SHAKTI,T2000530,-7,5,1,160,128,01/02/2023,INTAS PHARMA (BOVICURRA),INTAS PHARMCEUTICALS LTD      HYDERABAD
MASRD,SERAX-D TAB,KW20001,240,10,1,89,63.57,01/02/2023,MARS TERAPEUTICS & CHEMICALS LTD,MARS PHARMA PRIVATE LIMITED HYDERABAD
IPCALAR,LARIAGO AMP **,DS120001D,-8,0,0,19,14.5,01/02/2023,IPCA,PRUDHVI AGENCIES VIJAYAWADA
IPCALAR,LARIAGO AMP **,DS120004D,9,0,0,19,14.5,01/02/2023,IPCA,PRUDHVI AGENCIES VIJAYAWADA
IPCALAR,LARIAGO AMP **,DS12003D,-9,0,0,19,14.5,01/02/2023,IPCA,PRUDHVI AGENCIES VIJAYAWADA
SPCXT,COFEX TAB,21TCF036,-13,10,3,30,21.42,01/02/2023,SAPCO LABORATORIES P LTD,SAPCO LABORATORIES(P) LIMITED NELLORE
VERFP,FEPANIL TABS,FTV20C07,128,10,2,14.71,10.51,01/02/2023,VERITAZ HEALTHCARE LIMITED,VERITAZ HEALTHCARE LIMITED    HYDERABAD
CYDXT,DEXONA TAB,BEW1088,-90,0,0,6.38,4.56,01/02/2023,ZYDUS GEO,ZYDUS HEALTHCARE LIMITED      HYDERABAD
CCAT4,ASTHALIN 4MG TAB,K400041,60,0,0,6.01,4.29,31/01/2023,CIPLA (SPEETRACARE-2),CIPLA LIMITED  HYDERABAD
DPKDT,KETOROL-DT TAB,E000289,27,0,0,110.55,78.97,31/01/2023,DR.REDDY`S LAB`S(RECURA ACE),DR REDDY`S LABORATORIES LTD   HYDERABAD
DRNS2,NISE TAB,E000233,4,0,0,81.4,58.14,31/01/2023,DR.REDDY`S LAB`S(AQURA+SG),DR REDDY`S LABORATORIES LTD   HYDERABAD
DRNS2,NISE TAB,E000323,-4,0,0,81.4,58.14,31/01/2023,DR.REDDY`S LAB`S(AQURA+SG),DR REDDY`S LABORATORIES LTD   HYDERABAD
MLOGM,ORCERIN-GM TABS,KOO2003A,30,0,0,217,155,31/01/2023,MACLEODS (GENCARE),MACLEODS PHARMACEUTICALS LTD  HYDERABAD   TEL
KNCPS,CREMAFFIN PINK SYR(M.F),CFB0013,240,0,0,191.84,137.03,01/01/2023,ABBOTT (GASTROCARE),ABBOTT INDIA LIMITED HYDERABAD
KNCFP,CREMAFFIN PLUS SYR,140559D7,60,0,0,203.41,145.29,01/01/2023,ABBOTT (GASTROCARE),ABBOTT INDIA LIMITED HYDERABAD
KNDOT,DIGENE ORANGE TAB,140110D7,90,9,1,18.15,12.96,01/01/2023,ABBOTT (CONSUMER CARE),ABBOTT INDIA LIMITED HYDERABAD
KLPT2,PROTHIADEN 25MG TAB,ADF0057,30,0,0,121.55,86.82,01/01/2023,ABBOTT (NEUROLIFE),ABBOTT INDIA LIMITED HYDERABAD
AVT24,VERTIN 24MG TAB,RBIC0001,10,0,0,351.04,250.74,01/01/2023,ABBOTT (NEUROLIFE),ABBOTT INDIA LIMITED HYDERABAD
AVT24,VERTIN 24MG TAB,RBIC0001A,-10,0,0,351.04,250.74,01/01/2023,ABBOTT (NEUROLIFE),ABBOTT INDIA LIMITED HYDERABAD
ACACD,ATECARD-D TAB,2008000188,32,0,0,71.5,51.07,01/01/2023,ALEMBIC  (DABUR) INDIA LIMITED,ALEMBIC PHARMACEUTICALS LTD   HYDERABAD
GUSPS,SEPTRAN (P) SYR,SDS11B20,-358,0,0,17.92,13.59,01/01/2023,KOYE PHARMA,AUROBINDO DRUGS  VIJAYAWADA
PTAZ5,AZEE 500MG TAB,SN00452,6,11,1,116.7,83.36,01/01/2023,CIPLA (INSPIRA),CIPLA LIMITED  HYDERABAD
DRAT2,ATARAX SYRUP,LI0320015,-3,0,0,83,59.29,01/01/2023,DR REDDYYS (GRANDERA),DR REDDY`S LABORATORIES LTD   HYDERABAD
ERGSM2,GLIMISAVE M2 TAB,GGLV20004,20,0,0,151.52,108.23,01/01/2023,ERIS LIFESCIENCES PVT LTD,ERIS LIFE SCIENCES LTD     HYDERABAD
ERGSM2,GLIMISAVE M2 TAB,GGLV20005,10,0,0,151.52,108.23,01/01/2023,ERIS LIFESCIENCES PVT LTD,ERIS LIFE SCIENCES LTD     HYDERABAD
ERGLS,GLIMISAVE M3 TAB,GGIM20002,10,0,0,148.82,106.3,01/01/2023,ERIS LIFESCIENCES PVT LTD,ERIS LIFE SCIENCES LTD     HYDERABAD
ERIME,METAFORT G 853 TABS,GMOG20001,10,0,0,120.78,86.27,01/01/2023,ERIS  (ADURA),ERIS LIFE SCIENCES LTD     HYDERABAD
GECP6,CALPOL 650MG TABS,EB439,900,7,1,30.24,21.6,01/01/2023,GLAXOSMITHKLINE(FORTIOR),GLAXOSMITHKLINE PHARMA LIM   HYDERABADA
INTZT,TRIZ TAB,TBA1BB3,100,9,1,18.14,12.96,01/01/2023,INDOCO,INDOCO REMEDIES LTD(INDOC)    HYDERABAD
FTSCF,SUCRAFIL SYRUP ***,G3053,60,9,1,149,106.43,01/01/2023,FOURRTS,LAKSHMI BALAJI CORPORATION VIJAYAWADA
MADMS,DM SYRUP,BM10007,120,9,1,55,39.29,01/01/2023,MARS TERAPEUTICS & CHEMICALS LTD,MARS PHARMA PRIVATE LIMITED HYDERABAD
MASX5,SERAX 5MG TAB,KK20001,180,10,1,52,37.14,01/01/2023,MARS TERAPEUTICS & CHEMICALS LTD,MARS PHARMA PRIVATE LIMITED HYDERABAD
MASF1,SERAX FORTE 10MG TAB,KL20001,137,10,1,83,59.29,01/01/2023,MARS TERAPEUTICS & CHEMICALS LTD,MARS PHARMA PRIVATE LIMITED HYDERABAD
MASDT,SPANDRIL TAB,BM21003,50,10,1,70,50,01/01/2023,MARS TERAPEUTICS & CHEMICALS LTD,MARS PHARMA PRIVATE LIMITED HYDERABAD
MEDKSB,KETO SOAP (BIG),HKS1142,23,11,1,176,119.32,01/01/2023,MED MANOR ORGANICS (GLORIA),MED SUN LIFE SCIENCES         HYDERABAD
CBTT2,TEGRITAL 200MG TAB,210CPAO0,73,0,0,15.2,11.7,01/01/2023,NOVARTIS (PRASAAR),NOVARTIS INDIA LIMITED        HYDERABAD
CBTT4,TEGRITAL 400MG TABS,202CPAN0,84,0,0,36.18,27.85,01/01/2023,NOVARTIS (PRASAAR),NOVARTIS INDIA LIMITED        HYDERABAD
IPCALAR,LARIAGO AMP **,DS120003D,8,0,0,19,14.5,01/01/2023,IPCA,PRUDHVI AGENCIES VIJAYAWADA
GNTML,TELMA-H TABS 30`S,18200122,5,0,0,442,315.71,01/01/2023,GLENMARK (ZOLTAN),SAI DWAR PHARMACEUTICALS HYDERABAD(GLENMARK)
HOLSA,LASIX AMP,2120012,17,0,0,108.9,81.67,01/01/2023,AVENTIS PHARMA,SANOFI INDIA LIMITED          HYDERABAD
HMCTT,CYSTONE TAB,192000200,-1,0,0,125,85.93,01/01/2023,THE HIMALAYA DRUG CO ( ZENITH),THE HIMALAYA DRUG COMPANY     HYDERABAD
UCUF8,UNICARBAZAN FORTE TABS,2FU5G001,100,0,0,30.5,21.79,01/01/2023,TORRENT (UVA),TORRENT PHARMACEUTICALS LTD   HYDERABAD
VERFT,FEPANIL 650 TAB,FCTV20B07,168,10,2,30.23,21.59,01/01/2023,VERITAZ HEALTHCARE LIMITED,VERITAZ HEALTHCARE LIMITED    HYDERABAD
WLCMD,COLIMEX DROPS,CRR006A,16,19,1,40.8,29.14,01/01/2023,WALLACE PHARMA,WALLACE PHARMACEUTICALS PVT.LTHYDERABAD
CYAT5,ATEN 50MG TAB,I000557,120,0,0,27.39,19.56,01/01/2023,ZYDUS CADILA,ZYDUS HEALTHCARE LIMITED      HYDERABAD
GMJNA,JONAC AMP,CJW1022,55,5,1,47.7,34.1,01/01/2023,GERMAN REMADIES LTD,ZYDUS HEALTHCARE LIMITED      HYDERABAD
GMJNA,JONAC AMP,CJW1023,-55,5,1,47.7,34.1,01/01/2023,GERMAN REMADIES LTD,ZYDUS HEALTHCARE LIMITED      HYDERABAD
GRCC1,CANDID CREAM,11190327,32,0,0,91.73,65.52,01/01/2023,GLENMARK PHARMA,
CSB4R,BUDECORT 400MG R CAP,BA00215,25,0,0,164.37,117.41,31/12/2022,CIPLA(RESP MISC),CIPLA LIMITED  HYDERABAD
CIPD10,DYTOR 40MG TABS,SN00093,10,0,0,179.68,128.34,31/12/2022,CIPLA(VITALIS 3),CIPLA LIMITED  HYDERABAD
CSF2I,FORACORT 200 CFC INH,SN00229,10,0,0,352.12,251.51,31/12/2022,CIPLA(RESP 2),CIPLA LIMITED  HYDERABAD
GECZT,CETZINE TAB,EMV2000094,200,0,0,18.03,12.88,31/12/2022,DR.REDDY`S LAB`S(PRIDE),DR REDDY`S LABORATORIES LTD   HYDERABAD
N8,DILIGAN 25MG TABS,EMV1901778,26,0,0,158.4,113.14,31/12/2022,DR REDDYYS (GRANDERA),DR REDDY`S LABORATORIES LTD   HYDERABAD
MACAT,ATORMAC 10,KAJ2001A,10,0,0,60.14,42.96,31/12/2022,MACLEODS (PROCARE) CV,MACLEODS PHARMACEUTICALS LTD  HYDERABAD   TEL
MACO2,OLMESAR 20,KOH2001A,23,0,0,172,122.86,31/12/2022,MACLEODS (PROCARE) CV,MACLEODS PHARMACEUTICALS LTD  HYDERABAD   TEL
SLDUP,DUPHASTON 10MG TAB,KAVA0018,10,0,0,672.51,480.36,01/12/2022,ABBOTT (WH&GI),ABBOTT INDIA LIMITED   HYDERABAD
KNBF4,BRUFEN 400MG TAB,130808D7,60,0,0,11.39,8.14,01/12/2022,ABBOTT-1,ABBOTT INDIA LIMITED HYDERABAD
KNBF6,BRUFEN 600MG TAB,130851D7,77,0,0,26.33,18.81,01/12/2022,ABBOTT-1,ABBOTT INDIA LIMITED HYDERABAD
KNBF6,BRUFEN 600MG TAB,130853D7,30,0,0,26.33,18.81,01/12/2022,ABBOTT-1,ABBOTT INDIA LIMITED HYDERABAD
KNCPS,CREMAFFIN PINK SYR(M.F),CFB0003,60,0,0,191.84,137.03,01/12/2022,ABBOTT (GASTROCARE),ABBOTT INDIA LIMITED HYDERABAD
KNCFP,CREMAFFIN PLUS SYR,130560D7,23,0,0,203.41,145.29,01/12/2022,ABBOTT (GASTROCARE),ABBOTT INDIA LIMITED HYDERABAD
KNDMX,DIGENE MIX FRUIT TAB,130202D7,224,9,1,18.15,12.96,01/12/2022,ABBOTT (CONSUMER CARE),ABBOTT INDIA LIMITED HYDERABAD
KNDMX,DIGENE MIX FRUIT TAB,130202D7,100,9,1,18.15,12.96,01/12/2022,ABBOTT (CONSUMER CARE),ABBOTT INDIA LIMITED HYDERABAD
SLDUP,DUPHASTON 10MG TAB,KAVA0008,10,0,0,672.51,480.36,01/12/2022,ABBOTT (WH&GI),ABBOTT INDIA LIMITED HYDERABAD
ICID4,INDERAL 40MG TAB,INB0002,40,0,0,45.28,32.34,01/12/2022,ABBOTT (NEUROLIFE),ABBOTT INDIA LIMITED HYDERABAD
KLPT2,PROTHIADEN 25MG TAB,ADF0009,1,0,0,121.55,86.82,01/12/2022,ABBOTT (NEUROLIFE),ABBOTT INDIA LIMITED HYDERABAD
KLPT7,PROTHIADEN 75MG TAB,ADF0014,30,0,0,253.33,180.95,01/12/2022,ABBOTT (NEUROLIFE),ABBOTT INDIA LIMITED HYDERABAD
KLZLF,ZOLEFRESH 10MG TAB,ADF0008,8,0,0,138.72,99.09,01/12/2022,ABBOTT-1,ABBOTT INDIA LIMITED HYDERABAD
KLZLF,ZOLEFRESH 10MG TAB,ADF0033,30,0,0,138.72,99.09,01/12/2022,ABBOTT-1,ABBOTT INDIA LIMITED HYDERABAD
KLZLF,ZOLEFRESH 10MG TAB,ADF0039,10,0,0,138.72,99.09,01/12/2022,ABBOTT-1,ABBOTT INDIA LIMITED HYDERABAD
KLZF5,ZOLEFRESH 5MG TAB,ADF0044,30,0,0,88.33,63.09,01/12/2022,ABBOTT-1,ABBOTT INDIA LIMITED HYDERABAD
DBULS,ULGEL LIQ(SAUNF),2008000049,128,11,1,109.8,78.43,01/12/2022,ALEMBIC (ENTERON),ALEMBIC PHARMACEUTICALS LTD   HYDERABAD
ASFXM,FLEXON-MR TAB,DPA200003,20,0,0,20.05,14.32,01/12/2022,ARISTO (TASK FORCE),ARISTO PHARMACEUTICALS PVT LTDHYDERABAD
BIIGV,INSUGEN - R VIAL,BF19000654,-1,0,0,154,123.2,01/12/2022,BIOCON,BIOCON BIOLOGIS INDIA LTD  SECUNDERABAD
BIIGV,INSUGEN - R VIAL,BF19006540,1,0,0,154,123.2,01/12/2022,BIOCON,BIOCON BIOLOGIS INDIA LTD  SECUNDERABAD
BTISG,INSUGEN-30/70 INJ,V19ITF1050,1,0,0,154,123.2,01/12/2022,BIOCON,BIOCON BIOLOGIS INDIA LTD  SECUNDERABAD
CIAAT,AMLOPRES-AT TABS,SA00470,60,0,0,122.81,87.72,01/12/2022,CIPLA(VITALIS 2),CIPLA LIMITED  HYDERABAD
CSMN4,MONTAIR-4 TAB,SN00333,10,0,0,166.37,118.84,01/12/2022,CIPLA(NURTURE 1),CIPLA LIMITED  HYDERABAD
PTOF2,OFLOX 200MG TAB,SB00067,50,4,1,73.2,52.29,01/12/2022,CIPLA (CRESTA),CIPLA LIMITED  HYDERABAD
DRAT2,ATARAX SYRUP,LI0320003,3,0,0,83,59.29,01/12/2022,DR REDDYYS (GRANDERA),DR REDDY`S LABORATORIES LTD   HYDERABAD
DXRCM,RECLIMET TAB,E000081,30,0,0,163.35,116.68,01/12/2022,DR.REDDY`S LAB`S(XENURA),DR REDDY`S LABORATORIES LTD   HYDERABAD
ERGSM1,GLIMISAVE M1 TAB,GGLI20002,8,0,0,106.79,76.28,01/12/2022,ERIS LIFESCIENCES PVT LTD,ERIS LIFE SCIENCES LTD     HYDERABAD
ERIF2,GLIMISAVE M2 FORTE TAB,GGLE20002,20,0,0,132.86,94.9,01/12/2022,ERIS LIFESCIENCES PVT LTD,ERIS LIFE SCIENCES LTD     HYDERABAD
ERGSM2,GLIMISAVE M2 TAB,GGVL20001,3,0,0,151.52,108.23,01/12/2022,ERIS LIFESCIENCES PVT LTD,ERIS LIFE SCIENCES LTD     HYDERABAD
ERGLS,GLIMISAVE M3 TAB,GGIM20001,17,0,0,148.82,106.3,01/12/2022,ERIS LIFESCIENCES PVT LTD,ERIS LIFE SCIENCES LTD     HYDERABAD
FBGP2,GLYCIPHAGE TABS,20010,200,0,0,32.82,23.44,01/12/2022,FRANCO-INDIAN (DIABETIX),FRANCO-INDIAN PHARMACEUTICALS HYDERABAD
FISBS,SORBILINE SYR,E20005,50,9,1,84.39,60.28,01/12/2022,FRANCO INDIAN,FRANCO-INDIAN PHARMACEUTICALS HYDERABAD
AEFTT,FERTYL TAB,AFTL1801,4,0,0,73.25,52.33,01/12/2022,ANCIENT PHARMA,GAYATHRI MEDICAL HALL         HYDERABAD
GECP6,CALPOL 650MG TABS,EB378,228,7,1,30.24,21.6,01/12/2022,GLAXOSMITHKLINE(FORTIOR),GLAXOSMITHKLINE PHARMA LIM   HYDERABADA
GECPT,CALPOL TAB,EX205,432,14,1,14.69,10.49,01/12/2022,GLAXOSMITHKLINE(FORTIOR),GLAXOSMITHKLINE PHARMA LIM   HYDERABADA
GECPT,CALPOL TAB,EX207,1800,14,1,14.69,10.49,01/12/2022,GLAXOSMITHKLINE(FORTIOR),GLAXOSMITHKLINE PHARMA LIM   HYDERABADA
CBOVA,OTRIVIN (A) DROPS **,20AX06,-3,0,0,80,57.86,01/12/2022,WANDER LIMITED,HARI MARUTI AGENCIES  VIJAYAWADA
INCTS,CITAL SYR,CNB17ABA1,400,7,1,82,58.57,01/12/2022,INDOCO,INDOCO REMEDIES LTD(INDOC)    HYDERABAD
INTAOL,OLGARD,FI2001,36,5,1,1745,1246.43,01/12/2022,INTAS PHARMA (BOVICURRA),INTAS PHARMCEUTICALS LTD HYDERABAD
UQMIV,METROGYL I.V.,IIW0008,404,0,0,22.4,17.24,01/12/2022,J.B. CHE&PHARMA LIMITED  (DIVA),J.B.CHEMICALS AND PHARMA      SECUNDERABAD
ZYCSU,SUGER FREE GOLD **,AWSW0090,69,0,0,180,142.41,01/12/2022,ZYDUS PHARMACEUTICALS LTD(CADILA),JAI GANESH ENTERPRISES WARANGAL
FTSCF,SUCRAFIL SYRUP ***,G2804,-2,9,1,149,106.43,01/12/2022,FOURRTS,LAKSHMI BALAJI AGENCIES       HYDERABAD
SGAT4,ACITROM-4MG TAB** 30 S,ACD0001,20,0,0,467.2,333.71,01/12/2022,ABBOT,LAKSHMI BALAJI CORPORATION VIJAYAWADA
LGPGI,PGI TABS ***,CPT462,100,10,10,53.69,38.66,01/12/2022,LEGEND DRUGS & FORMS,LAKSHMI BALAJI CORPORATION VIJAYAWADA
ROSRD,SARIDON TAB **,MH2206,12,0,0,637.4,455.4,01/12/2022,ROCHE INDIA LTD,LAKSHMI BALAJI CORPORATION VIJAYAWADA
CENSI,SINAREST DROPS ***,L3524,20,0,0,78.48,56.06,01/12/2022,CENTAUR,LAKSHMI BALAJI CORPORATION VIJAYAWADA
FTSCF,SUCRAFIL SYRUP ***,G2804,-1,9,1,149,106.43,01/12/2022,FOURRTS,LAKSHMI BALAJI CORPORATION VIJAYAWADA
MDMG1,MEGALIS 10MG TAB,ATA001A,15,1,2,156,111.43,01/12/2022,MACLEODS (PHARMA) DIVISION,MACLEODS PHARMACEUTICALS LTD  HYDERABAD   TEL
MDML2,MEGALIS 20MG TAB,ATB2003A,45,1,2,324,231.43,01/12/2022,MACLEODS (PHARMA) DIVISION,MACLEODS PHARMACEUTICALS LTD  HYDERABAD   TEL
MACOH,OLMESAR H,KOM2001A,-1,0,0,183,130.71,01/12/2022,MACLEODS (PROCARE) CV,MACLEODS PHARMACEUTICALS LTD  HYDERABAD   TEL
MENMD,NASIVION MINI DROPS,M55PT20003,108,11,1,62.55,44.68,01/12/2022,MERCK,MERCK LIMITED                 HYDERABAD
CBTT2,TEGRITAL 200MG TAB,105CPAO0,165,0,0,15.2,11.7,01/12/2022,NOVARTIS (PRASAAR),NOVARTIS INDIA LIMITED        HYDERABAD
CBTC3,TEGRITAL-CR 300 TABS,101MBAR0,37,0,0,38.42,27.44,01/12/2022,NOVARTIS (PRASAAR),NOVARTIS INDIA LIMITED        HYDERABAD
CBTC4,TEGRITAL-CR 400 TABS,102MBAP0,30,0,0,33.42,25.72,01/12/2022,NOVARTIS (PRASAAR),NOVARTIS INDIA LIMITED        HYDERABAD
CBTC4,TEGRITAL-CR 400 TABS,102MBAP0,40,0,0,33.42,25.72,01/12/2022,NOVARTIS (PRASAAR),NOVARTIS INDIA LIMITED        HYDERABAD
JWMGS,MUCAINE-GEL(M) SYR,2020173E,29,0,0,166.36,118.83,01/12/2022,JOHN WYETH LTD,PFIZER LIMITED HYDERABAD
LEPTT,PACITANE TAB,DG2998,40,0,0,39.21,30.18,01/12/2022,JOHN WYETH LTD,PFIZER LIMITED HYDERABAD
SNOT2,OXETOL 300MG TABS **,EMX0194,-1,0,0,94,67.14,01/12/2022,SUN PHARMACEUTICAL I LTD,PRUDHVI AGENCIES VIJAYAWADA
USVCIN2,CINOD T 10/40MG TAB**,S200216A,49,0,0,181,129.29,01/12/2022,USV PHARMA,PRUDHVI PHARMACEUTICALS VIJAYAWADA
USVCIN2,CINOD T 10/40MG TAB**,S200116A,-49,0,0,181,129.29,01/12/2022,USV PHARMA,PRUDHVI PHARMACEUTICALS VIJAYAWADA
HOAV5,AVIL 50MG TAB,0NA0003,160,0,0,10.01,7.15,01/12/2022,AVENTIES(BASE),SANOFI INDIA LIMITED          HYDERABAD
HOAA1,AVIL AMP,2420003,22,0,0,50.2,37.65,01/12/2022,AVENTIES(BASE),SANOFI INDIA LIMITED          HYDERABAD
BUSGA,BUSCOGAST AMP,320003,-10,0,0,11.43,8.58,01/12/2022,AVENTIES(BASE),SANOFI INDIA LIMITED          HYDERABAD
HOCD2,CARDACE 2.5MG,0NG003,30,0,0,81.81,58.43,01/12/2022,AVENTIS PHARMA,SANOFI INDIA LIMITED          HYDERABAD
HOCD5,CARDACE 5MG,0NG001,30,0,0,128.86,92.04,01/12/2022,AVENTIS PHARMA,SANOFI INDIA LIMITED          HYDERABAD
HOFS1,FRISIUM 10MG TAB,0NA0012,30,0,0,148.51,106.08,01/12/2022,AVENTIS PHARMA,SANOFI INDIA LIMITED          HYDERABAD
HOVCA,VALPARIN ALKALETS TAB,0NG003,3,0,0,33.94,24.24,01/12/2022,AVENTIS PHARMA,SANOFI INDIA LIMITED          HYDERABAD
FTEFT,EOFIL TAB ***,G2785,-10,5,1,20.8,15.85,01/12/2022,FOURRTS,SRI BALAJI PHARMACEUTICALS VIJAYAWADA
PPRIN,MOOV CREAM **,JJ498,-1,0,0,40,29.37,01/12/2022,PARAS PHARMACETICALS,SRI SHASTHA ENTERPRISES KHAMMAM
PAMO5,MOOV CREAM**,JJ841,324,0,0,10,7.94,01/12/2022,PARAS PHARMACETICALS,SRI SHASTHA ENTERPRISES KHAMMAM
RACR5,CIFRAN 500MG TABS,AB14593,480,0,0,39.97,28.55,01/12/2022,RANBAXY(MAXXIM),SUN PHARMA DISTRIBUTORS LTD   SHAMEERPET
RACR5,CIFRAN 500MG TABS,AB16327,105,0,0,39.97,28.55,01/12/2022,RANBAXY(MAXXIM),SUN PHARMA DISTRIBUTORS LTD   SHAMEERPET
RACR5,CIFRAN 500MG TABS,AB16328,-105,0,0,39.97,28.55,01/12/2022,RANBAXY(MAXXIM),SUN PHARMA DISTRIBUTORS LTD   SHAMEERPET
UCUF8,UNICARBAZAN FORTE TABS,2FU5F034,113,0,0,30.5,21.79,01/12/2022,TORRENT (UVA),TORRENT PHARMACEUTICALS LTD   HYDERABAD
MRTM2,TRYPTOMER 25MG TABS,JV10017,36,0,0,74.26,53.04,01/12/2022,WOCKHARDT,TRINETRA PHARMA    HYDERABAD
ULPLC,PILANTS CAP,PL429,-1,10,1,118.8,90,01/12/2022,UNI-LABS (INDIA) PVT LTD.,VASU PHARMA DISTRIBUTORS      HYDERABAD
DECDEYS,DEY`S MOM SYRUP**,2880,40,0,0,37,26.43,01/12/2022,GENARAL COMPANY,VIJAYA DURGA AGENCIES   VIJAYAWADA
WLWCT,WALACORT TAB,WTL001A,1,9,1,11.7,8.36,01/12/2022,WALLACE-2,WALLACE PHARMACEUTICALS PVT.LTHYDERABAD
WLWCT,WALACORT TAB,WTL004A,200,9,1,11.7,8.36,01/12/2022,WALLACE-2,WALLACE PHARMACEUTICALS PVT.LTHYDERABAD
GMDR1,DERIPHYLIN R 150MG TABS,I000033,120,0,0,25.3,18.07,01/12/2022,GERMAN REMADIES LTD,ZYDUS HEALTHCARE LIMITED      HYDERABAD
CYDXT,DEXONA TAB,BEW1026,930,0,0,6.38,4.56,01/12/2022,ZYDUS GEO,ZYDUS HEALTHCARE LIMITED      HYDERABAD
GMJNA,JONAC AMP,CJW1009,242,5,1,47.7,34.1,01/12/2022,GERMAN REMADIES LTD,ZYDUS HEALTHCARE LIMITED      HYDERABAD
GMTBP,THROMBOPHOB ONT,I000203,12,5,1,99.6,71.14,01/12/2022,ZYDUS FORTIZA,ZYDUS HEALTHCARE LIMITED      HYDERABAD
GMTBP,THROMBOPHOB ONT,I000479,153,5,1,99.6,71.14,01/12/2022,ZYDUS FORTIZA,ZYDUS HEALTHCARE LIMITED      HYDERABAD
CIAEO,ACIVIR EYE ONT,G9042,21,0,0,57.04,40.74,30/11/2022,CIPLA,CIPLA LIMITED  HYDERABAD
ARISOFL7,ASTHALIN-ROTACAPS,SA94681,420,0,0,43.24,30.89,30/11/2022,CIPLA(RESP 3 LEGACY),CIPLA LIMITED  HYDERABAD
CICR1,CIPLAR 10MG TAB,SB91507,43,0,0,18.93,13.52,30/11/2022,CIPLA(VITALIS 2),CIPLA LIMITED  HYDERABAD
CIPD10,DYTOR 40MG TABS,SN91983,9,0,0,179.68,128.34,30/11/2022,CIPLA(VITALIS 3),CIPLA LIMITED  HYDERABAD
DRAT2,ATARAX SYRUP,LI0319111,47,0,0,83,59.29,30/11/2022,DR REDDYYS (GRANDERA),DR REDDY`S LABORATORIES LTD   HYDERABAD
DXAC4,ATOCOR-40MG TABS,E901723,10,0,0,295.59,211.14,30/11/2022,DR.REDDY`S LAB`S(XENURA),DR REDDY`S LABORATORIES LTD   HYDERABAD
DRNS2,NISE TAB,E901660,60,0,0,81.4,58.14,30/11/2022,DR.REDDY`S LAB`S(AQURA+SG),DR REDDY`S LABORATORIES LTD   HYDERABAD
DXS51,STAMLO 5MG TAB,E901681,1,0,0,85.49,61.06,30/11/2022,DR.REDDY`S LAB`S (ZENURA),DR REDDY`S LABORATORIES LTD   HYDERABAD
MACBUD1,BUDETROL 200 INHALER,NFC931A,10,0,0,310.19,221.57,30/11/2022,MACLEODS (GENCARE),MACLEODS PHARMACEUTICALS LTD  HYDERABAD   TEL
MDDC6,DEFCORT 6MG TABS,GDB966A,4,0,0,112.75,80.54,30/11/2022,MACLEODS(TB CARE),MACLEODS PHARMACEUTICALS LTD  HYDERABAD   TEL
MDRGT,REBAGEN TAB,KRD914A,20,0,0,104.5,74.64,30/11/2022,MACLEODS (PHARMA) DIVISION,MACLEODS PHARMACEUTICALS LTD  HYDERABAD   TEL
MDTNM,TRENAXA-MF,KTB911A,20,0,0,218.9,156.36,30/11/2022,MACLEODS (PHARMA) DIVISION,MACLEODS PHARMACEUTICALS LTD  HYDERABAD   TEL
JWMGO,MUCAINE-GEL(O) SYR,920-20458E,-1,0,0,151.24,108.03,30/11/2022,JOHN WYETH LTD,PFIZER LIMITED HYDERABAD
TORNB,NORMABRAIN CAP,C375F002,20,0,0,88.1,62.93,30/11/2022,TORRENT (VISTA),TORRENT PHARMACEUTICALS LTD   HYDERABAD
GMPLN,PRIMOLUT-N TAB,S903114,105,19,1,56,40,30/11/2022,GERMAN REMADIES LTD,ZYDUS HEALTHCARE LIMITED      HYDERABAD
122338R,EPTOIN 100MG TAB,EPB9073,51,0,0,204.18,145.84,01/11/2022,ABBOTT (NEUROLIFE),ABBOTT HEALTH CARE PVT LTD HYDERABAD
KNBF2,BRUFEN 200MG TAB,120779D7,40,0,0,6.19,4.42,01/11/2022,ABBOTT-1,ABBOTT INDIA LIMITED HYDERABAD
KNDMT,DIGENE MINT TAB,120022D7,534,9,1,18.15,12.96,01/11/2022,ABBOTT (CONSUMER CARE),ABBOTT INDIA LIMITED HYDERABAD
KNDOT,DIGENE ORANGE TAB,D0A9013,84,9,1,18.15,12.96,01/11/2022,ABBOTT (CONSUMER CARE),ABBOTT INDIA LIMITED HYDERABAD
ACMGT,MAGADOL TAB,1908001541,96,9,1,54.9,39.22,01/11/2022,ALEMBIC CHEMICALS (MEGACARE),ALEMBIC PHARMACEUTICALS LTD   HYDERABAD
ALEMBTAC,TACKEL 90 MG TABS,DT1912055C,20,0,0,336,240,01/11/2022,ALEMBIC LTD(PHARMA),ALEMBIC PHARMACEUTICALS LTD   HYDERABAD
DBULC,ULGEL LIQ((ELAICHI),1908001635,17,11,1,110,78.57,01/11/2022,ALEMBIC (ENTERON),ALEMBIC PHARMACEUTICALS LTD   HYDERABAD
DBUAS,ULGEL-A SYR,1908001636,31,0,0,140.65,100.46,01/11/2022,ALEMBIC (ENTERON),ALEMBIC PHARMACEUTICALS LTD   HYDERABAD
ACWKS,WIKORYL SYR,1908001504,144,9,1,63.65,45.46,01/11/2022,ALEMBIC LTD(MAXIS DIVISION),ALEMBIC PHARMACEUTICALS LTD   HYDERABAD
ASGN1,GABANEURON 100 TABS,A190660,27,0,0,85,60.71,01/11/2022,ARISTO (TASK FORCE),ARISTO PHARMACEUTICALS PVT LTD HYDERABAD
ARFLS100,FLEXON SYR,D703M099,90,0,0,39.35,28.1,01/11/2022,ARISTO (MAIN FORCE-2),ARISTO PHARMACEUTICALS PVT LTDHYDERABAD
ARIG1,GLIMIPREX 1MG TABS,S214M019,60,0,0,35.22,25.16,01/11/2022,ARISTO (OTSIRA),ARISTO PHARMACEUTICALS PVT LTDHYDERABAD
ARISOFL,OFLER 200 MG TABS,S187M039,70,0,0,68.9,49.22,01/11/2022,ARISTO PHARMA,ARISTO PHARMACEUTICALS PVT LTDHYDERABAD
BCMFF,MEFTAL FORTE TAB,ZGT19164,4,9,1,38,27.14,01/11/2022,BLUE-CROSS LABS,BLUE CROSS LABORATORIES PVT LTHYDERABAD
BCMFS,MEFTAL SPAS TAB,YMS19282,21,19,1,42,30,01/11/2022,BLUE-CROSS LABS,BLUE CROSS LABORATORIES PVT LTHYDERABAD
CIPAL,ALERID SYR,J490293,99,9,1,38.92,27.8,01/11/2022,CIPLA (SPEETRACARE+1),CIPLA LIMITED  HYDERABAD
CSAR2,ASTHALIN RESPULES,L890784,220,0,0,26.6,19,01/11/2022,CIPLA(RESP 3 NEBULIZATION),CIPLA LIMITED  HYDERABAD
PTAZ2,AZEE 250MG TAB,SN92047,5,9,1,115.69,82.64,01/11/2022,CIPLA (INSPIRA),CIPLA LIMITED  HYDERABAD
PTAZ2,AZEE 250MG TAB,SN00053,150,0,0,115.69,82.63,01/11/2022,CIPLA (INSPIRA),CIPLA LIMITED  HYDERABAD
CSBC2,BECLATE 200MG R CAP,BA00113,12,0,0,106.48,76.06,01/11/2022,CIPLA(RESPI),CIPLA LIMITED  HYDERABAD
CIPCI,CIPLOX E/E DROPS,L890806,1,0,0,16.65,11.89,01/11/2022,CIPLA (SPEETRACARE+1),CIPLA LIMITED  HYDERABAD
CIDT5,DYTOR  5MG TABS,SN91936,42,0,0,49,35,01/11/2022,CIPLA(VITALIS 3),CIPLA LIMITED  HYDERABAD
CIF4I,FORACORT 400 INH,SN92032,10,0,0,400.51,286.08,01/11/2022,CIPLA(RESP 2),CIPLA LIMITED  HYDERABAD
PTLF2,LEVOFLOX 250 TAB,SB91565,6,9,1,48.3,34.5,01/11/2022,CIPLA (INSPIRA),CIPLA LIMITED  HYDERABAD
PTLF5,LEVOFLOX 500 TAB,SB91534,26,9,1,88.36,63.11,01/11/2022,CIPLA (INSPIRA),CIPLA LIMITED  HYDERABAD
PTOF2,OFLOX 200MG TAB,SB91421,40,4,1,73.2,52.29,01/11/2022,CIPLA (CRESTA),CIPLA LIMITED  HYDERABAD
DXAC4,ATOCOR-40MG TABS,E901721,19,0,0,295.59,211.14,01/11/2022,DR.REDDY`S LAB`S(XENURA),DR REDDY`S LABORATORIES LTD   HYDERABAD
842200,STAMLO 10 TABS,E901662,6,0,0,166.3,118.78,01/11/2022,DR.REDDY`S LAB`S (ZENURA),DR REDDY`S LABORATORIES LTD   HYDERABAD
ERGMV1,GLIMISAVE MV 1 TAB,GGMA19013,10,0,0,176.25,125.89,01/11/2022,ERIS LIFESCIENCES PVT LTD,ERIS LIFE SCIENCES LTD     HYDERABAD
FBGMD,GLIMET-DS TAB,M19036,10,0,0,14.9,10.64,01/11/2022,FRANCO-INDIAN (DIABETIX),FRANCO-INDIAN PHARMACEUTICALS HYDERABAD
FBG2T,GLYCIPHAGE 250MG TAB,19018,28,0,0,10.5,7.5,01/11/2022,FRANCO-INDIAN (DIABETIX),FRANCO-INDIAN PHARMACEUTICALS HYDERABAD
FBGP8,GLYCIPHAGE 850 TAB,10038,21,0,0,25.3,18.07,01/11/2022,FRANCO-INDIAN (DIABETIX),FRANCO-INDIAN PHARMACEUTICALS HYDERABAD
GUBC5,BANOCIDE 50MG TAB,N1200,60,0,0,11.55,8.8,01/11/2022,GLAXOSMITHKLINE(INGENIUM),GLAXOSMITHKLINE PHARMA LIM   HYDERABADA
GUZS1,ZENTEL SYR,KB369,40,0,0,17.47,12.48,01/11/2022,GLAXOSMITHKLINE(FORTIOR),GLAXOSMITHKLINE PHARMA LIM   HYDERABADA
PDCD1,CALADRYL LOT**,CAZ9201,29,0,0,76.16,58.64,01/11/2022,PARKE-DAVIS INDIA LT,HARI MARUTI AGENCIES  VIJAYAWADA
LYKLE,LEVOCET TABS**,GT191079,-10,0,0,43,30.71,01/11/2022,GENARAL COMPANY,HARI MARUTI AGENCIES  VIJAYAWADA
LYKLE,LEVOCET TABS**,GT191079A,10,0,0,43,30.71,01/11/2022,GENARAL COMPANY,HARI MARUTI AGENCIES  VIJAYAWADA
CBOVA,OTRIVIN (A) DROPS **,91287V,142,0,0,80,57.86,01/11/2022,WANDER LIMITED,HARI MARUTI AGENCIES  VIJAYAWADA
INCTS,CITAL SYR,CNB24L9A1,123,7,1,82,58.57,01/11/2022,INDOCO,INDOCO REMEDIES LTD(INDOC)    HYDERABAD
ISFPS,FEBREX PLUS SYR,FCM17L9A1,84,9,1,68.35,48.82,01/11/2022,INDOCO (SPADE),INDOCO REMEDIES LTD(INDOC)    HYDERABAD
ISFPS,FEBREX PLUS SYR,FCM9L9A1,160,9,1,68.35,48.82,01/11/2022,INDOCO (SPADE),INDOCO REMEDIES LTD(INDOC)    HYDERABAD
ISFBP,FEBREX PLUS TAB,FAH1L97,188,9,1,46.3,33.07,01/11/2022,INDOCO (SPADE),INDOCO REMEDIES LTD(INDOC)    HYDERABAD
INKVP,KARVOL PLUS INHCAP,KAA8L9A7,64,9,1,69.3,49.5,01/11/2022,INDOCO,INDOCO REMEDIES LTD(INDOC)    HYDERABAD
INSBO,SCABEX-S ONT,SBIILA4,93,9,1,35.85,25.61,01/11/2022,INDOCO,INDOCO REMEDIES LTD(INDOC)    HYDERABAD
IVC5L,CAL SHAKTI,SY2644,8,5,1,650,520,01/11/2022,INTAS PHARMA (BOVICURRA),INTAS PHARMCEUTICALS LTD HYDERABAD
UQBNC,BETA-NICARDIA CAP,ABJ9007,30,0,0,105.55,75.4,01/11/2022,J.B. CHE&PHARMA LIMITED  (VIVA),J.B.CHEMICALS AND PHARMA      SECUNDERABAD
UQNR2,NICARDIA-RTD 20MG T,AKG9043,44,0,0,48.21,34.44,01/11/2022,J.B. CHE&PHARMA LIMITED  (VIVA),J.B.CHEMICALS AND PHARMA      SECUNDERABAD
CASFG,SUGAR FREE GOLD TABS **,AWSV2016,109,0,0,110,89.2,01/11/2022,ZYDUS PHARMACEUTICALS LTD(CADILA),JAI GANESH ENTERPRISES WARANGAL
CYAT5,ATEN 50MG TAB,I904729,260,0,0,27.39,19.57,01/11/2022,ZYDUS CADILA,LAKSHMI BALAJI AGENCIES       HYDERABAD
SDNNA,NAPROSYN 500MG TABS**,02N19075,106,0,0,57.05,40.75,01/11/2022,SANDOZ INDIA LTD,LAKSHMI BALAJI AGENCIES       HYDERABAD
ALEP5,P-500 MG TAB**,PFTTC19222,11,0,0,14.95,10.68,01/11/2022,APEX,LAKSHMI BALAJI AGENCIES       HYDERABAD
ALEP5,P-500 MG TAB**,PFTTC19223,-11,10,1,14.95,10.68,01/11/2022,APEX,LAKSHMI BALAJI AGENCIES       HYDERABAD
CYAT2,ATEN 25MG TAB,I904266,300,0,0,27.39,19.57,01/11/2022,ZYDUS CADILA,LAKSHMI BALAJI CORPORATION VIJAYAWADA
JUDAR,DART TABS ***,1912083,391,5,1,28.8,20.57,01/11/2022,JUGGAT PHARMA,LAKSHMI BALAJI CORPORATION VIJAYAWADA
PBGZM,GLIZID-M TAB,8319083,100,0,0,139.6,99.71,01/11/2022,PANACEA-BIOTEC LTD,LAKSHMI BALAJI CORPORATION VIJAYAWADA
GEHEX,HEXIDINE MOUTHWASH ***,L90310,10,0,0,49.1,35.07,01/11/2022,WIN MEDICARE,LAKSHMI BALAJI CORPORATION VIJAYAWADA
GERAT,RA THERMOSEAL ***,O90602,42,0,0,95.5,68.21,01/11/2022,IPCA,LAKSHMI BALAJI CORPORATION VIJAYAWADA
LGTF3,TYFY 300MG TAB ***,CTQ91,255,10,1,16.34,11.68,01/11/2022,LEGEND DRUGS & FORMS,LAKSHMI BALAJI CORPORATION VIJAYAWADA
LGTF6,TYFY 650MG TAB ***,CTH98,260,10,3,18.68,13.35,01/11/2022,LEGEND DRUGS & FORMS,LAKSHMI BALAJI CORPORATION VIJAYAWADA
FTEFT,EOFIL TAB ***,G2396,10,5,1,20.8,15.85,01/11/2022,FOURRTS,LAKSHMI VENKATESWARA PHARMA   HYDERABAD
PDCL5,CALADRYL LOT**,CAZ9209,10,0,0,50.4,38.8,01/11/2022,PARKE-DAVIS INDIA LT,LAKSHMI VENKATESWARA PHARMACEU  NARASARAOPETA
PDCD1,CALADRYL LOT**,CAZ9212,1,0,0,76.16,58.64,01/11/2022,PARKE-DAVIS INDIA LT,LAKSHMI VENKATESWARA PHARMACEU  NARASARAOPETA
HMLVD,LIV-52 DROPS,20901769,100,0,0,80,55,01/11/2022,THE HIMALAYA DRUG CO ( ZENITH),LAKSHMI VENKATESWARA PHARMACEU  NARASARAOPETA
APNRS,NEERI SYR **,NNRS739H,22,10,2,122,87.23,01/11/2022,GENARAL COMPANY,LAKSHMI VENKATESWARA PHARMACEU  NARASARAOPETA
MDRMD,RABEMAC-DSR TAB,KRC929B,26,0,0,119.9,85.64,01/11/2022,MACLEODS (PHARMA) DIVISION,MACLEODS PHARMACEUTICALS LTD  HYDERABAD   TEL
MKKMS,KETOSTAR SOAP,A6IBS573,58,11,1,74,50.17,01/11/2022,MANKIND(LIFESTAR),MANKIND PHARMA (LIFESTAR)HYDERABAD
MKSB5,SCABELICE LOTION,A3IBS031,-1,0,0,53.13,37.95,01/11/2022,MANKIND(LIFESTAR),MANKIND PHARMA (LIFESTAR)HYDERABAD
MEDZT,ZINCOLD TAB,HZC211,57,5,1,72,51.43,01/11/2022,MED MANOR ORGANICS  (PD),MED MANOR ORGANICS PVT LT     HYDERABAD
MENAD,NASIVION-N (P) DROPS,M55NP19044,240,11,1,66.55,47.54,01/11/2022,MERCK,MERCK LIMITED                 HYDERABAD
MR1PL,PROMOLACT CAPS,16023,30,0,0,66,47.14,01/11/2022,MERCURY LABORATORIES LTD,MERCURY LABORATORIES          SECUNDRABAD
CBTC4,TEGRITAL-CR 400 TABS,Z01MBAP9,10,0,0,33.42,25.72,01/11/2022,NOVARTIS (PRASAAR),NOVARTIS INDIA LIMITED        HYDERABAD
PZDXD,DOLONEX-DT TAB,DJ1809,45,0,0,174.9,124.92,01/11/2022,PFIZER (PAIN),PFIZER LIMITED HYDERABAD
JWMGO,MUCAINE-GEL(O) SYR,92020459E,45,0,0,151.24,108.03,01/11/2022,JOHN WYETH LTD,PFIZER LIMITED HYDERABAD
JWMGO,MUCAINE-GEL(O) SYR,920-20459E,1,0,0,151.24,108.03,01/11/2022,JOHN WYETH LTD,PFIZER LIMITED HYDERABAD
LUCZ3,CZ-3 TAB**,J901994,-1,0,0,17.98,12.85,01/11/2022,LUPIN,PRUDHVI AGENCIES VIJAYAWADA
SNEN,ENCORATE 500MG TAB***,ESU2073,5,0,0,75.94,54.24,01/11/2022,SUN PHARMACEUTICAL I LTD,PRUDHVI AGENCIES VIJAYAWADA
USVG5,GLYCOMET 850MG TABS **,48013006,30,0,0,30,21.43,01/11/2022,USV PHARMA,PRUDHVI PHARMACEUTICALS VIJAYAWADA
GRCVG,CANDID-V GEL,11192295,60,0,0,102,72.86,01/11/2022,GLENMARK PHARMA,SAI DWAR PHARMACEUTICALS HYDERABAD(GLENMARK)
GWSL5,SENSUR LOT,59190066,4,0,0,120.5,86.07,01/11/2022,GRACEWELL (INTEGRACE),SAI DWAR PHARMACEUTICALS HYDERABAD(GLENMARK)
GWSSO,SENSUR OIL,59190069,59,0,0,87.5,62.5,01/11/2022,GRACEWELL (INTEGRACE),SAI DWAR PHARMACEUTICALS HYDERABAD(GLENMARK)
HOA2T,AVIL 25MG TAB,9NA0145,320,0,0,8.25,5.89,01/11/2022,AVENTIES(BASE),SANOFI INDIA LIMITED          HYDERABAD
HOCD5,CARDACE 5MG,9NG025,12,0,0,128.86,92.04,01/11/2022,AVENTIS PHARMA,SANOFI INDIA LIMITED          HYDERABAD
HOLL5,LASILACTONE 50MG TAB,9NA0099,16,0,0,44.31,31.65,01/11/2022,AVENTIS PHARMA,SANOFI INDIA LIMITED          HYDERABAD
SPCXT,COFEX TAB,21TCF034,13,10,3,30,21.42,01/11/2022,SAPCO LABORATORIES P LTD,SAPCO LABORATORIES(P) LIMITED NELLORE
CIAEO,ACIVIR EYE ONT,G9042,2,0,0,57.04,40.74,01/11/2022,CIPLA,SARADA PHARMACY      MADHIRA
RAPRAG,RINGGUARD PLUS CREAM **,JM805,-1,0,0,88,0,01/11/2022,PARAS PHARMACETICALS,SARADA PHARMACY      MADHIRA
LGTF3,TYFY 300MG TAB ***,CTQ91,-1,10,1,16.34,12.7,01/11/2022,LEGEND DRUGS & FORMS,SARADA PHARMACY      MADHIRA
KNCPS,CREMAFFIN PINK SYR(M.F),CFB9083,179,0,0,191.84,137.03,01/11/2022,ABBOTT (GASTROCARE),SRI DURGA MEDICAL AGENCIE VIJAYAWADA
RAPRAG,RINGGUARD PLUS CREAM **,JM805,1,0,0,88,66.36,01/11/2022,PARAS PHARMACETICALS,SRI SHASTHA ENTERPRISES KHAMMAM
RACR2,CIFRAN 250MG TABS,AB10240,120,0,0,22.74,16.24,01/11/2022,RANBAXY(MAXXIM),SUN PHARMA DISTRIBUTORS LTD   SHAMEERPET
RACR2,CIFRAN 250MG TABS,AB10240,20,0,0,22.74,16.24,01/11/2022,RANBAXY(MAXXIM),SUN PHARMA DISTRIBUTORS LTD   SHAMEERPET
RACR5,CIFRAN 500MG TABS,AB07760,144,0,0,39.97,28.55,01/11/2022,RANBAXY(MAXXIM),SUN PHARMA DISTRIBUTORS LTD   SHAMEERPET
SUNZIN,ZOFER INJ,ESU2059,32,5,1,64,45.7,01/11/2022,SUN PHARMA (STANIFE SF),SUN PHARMA DISTRIBUTORS LTD   SHAMEERPET
EDAF4,AMIFRU-40MG TAB,2JF8F020,6,0,0,8.55,6.11,01/11/2022,TORRENT PHARMA,TORRENT PHARMACEUTICALS LTD   HYDERABAD
EDAF4,AMIFRU-40MG TAB,2JF8F022,-6,0,0,8.55,6.11,01/11/2022,TORRENT PHARMA,TORRENT PHARMACEUTICALS LTD   HYDERABAD
URCDAL,CORVADIL-A TAB,2173F028,28,0,0,125.95,89.96,01/11/2022,TORRENT (PRIMA),TORRENT PHARMACEUTICALS LTD   HYDERABAD
EDDR1,DEVIRY 10MG TAB,DAA90071,57,0,0,58.85,42.04,01/11/2022,TORRENT (B- WELL),TORRENT PHARMACEUTICALS LTD   HYDERABAD
TORR1,DILZEM SR TABS,2T15F017,40,0,0,153.3,109.5,01/11/2022,TORRENT PHARMA,TORRENT PHARMACEUTICALS LTD   HYDERABAD
UNIXT,XT PARA TABS,EF9014,10,0,0,68.55,48.96,01/11/2022,TORRENT (UVA),TORRENT PHARMACEUTICALS LTD   HYDERABAD
RPFZ4,FLAGYL 400MG TABS **,HBH89170,156,0,0,13.94,9.96,01/11/2022,RHONE-POULENC,TRINETRA PHARMA    HYDERABAD
TTLTC,LACTARE CAP ***,DFAA363,17,0,0,199.65,142.61,01/11/2022,T.T.K PHARMA,TRINETRA PHARMA    HYDERABAD
NCSB1,SORBITRATE 10MG TAB *** 50`S,SBB9016,30,0,0,40.29,28.78,01/11/2022,ABBOT,TRINETRA PHARMA    HYDERABAD
ULGVS,GYNOVIT SYR,GT287,56,10,1,130.7,99,01/11/2022,UNI-LABS (INDIA) PVT LTD.,VASU PHARMA DISTRIBUTORS      HYDERABAD
H&HDER,DERMADEW SOAP,B211,-3,0,0,149,101.02,01/11/2022,H&H PHARMA (HEALTHCARE),VEGAVAAN PHARMA      SECUNDERABAD
H&HHI,HHMITE SOAP,B055,50,0,0,145,98.31,01/11/2022,H&H PHARMA (VITALITY),VEGAVAAN PHARMA      SECUNDERABAD
H&HKZS,KZ SOAP,B169,14,0,0,179,121.36,01/11/2022,H&H PHARMA (VITALITY),VEGAVAAN PHARMA      SECUNDERABAD
WLCMD,COLIMEX DROPS,CRR9006,199,19,1,40.8,29.14,01/11/2022,WALLACE PHARMA,WALLACE PHARMACEUTICALS PVT.LTHYDERABAD
WLFCT,FLUCOLD TAB,FCR9047,250,6,1,31,22.14,01/11/2022,WALLACE PHARMA,WALLACE PHARMACEUTICALS PVT.LTHYDERABAD
WALLGP3,KEYLYTE SYRUP,KLR9015,30,0,0,57.75,41.25,01/11/2022,WALLACE PHARMA,WALLACE PHARMACEUTICALS PVT.LTHYDERABAD
CYAT2,ATEN 25MG TAB,I904691,234,0,0,27.39,19.56,01/11/2022,ZYDUS CADILA,ZYDUS HEALTHCARE LIMITED      HYDERABAD
GMDR3,DERIPHYLIN R 300MG TABS,I904264,24,0,0,38.9,27.79,01/11/2022,GERMAN REMADIES LTD,ZYDUS HEALTHCARE LIMITED      HYDERABAD
CYDXT,DEXONA TAB,BEV1391,90,0,0,6.38,4.56,01/11/2022,ZYDUS GEO,ZYDUS HEALTHCARE LIMITED      HYDERABAD
MICPAR,PARKIN TABS**,PNAS0037,35,0,0,13.33,9.52,01/11/2022,MICRO LABS,
CCTAT,THEO-ASTHALIN TAB,C191733,67,0,0,12.98,9.27,31/10/2022,CIPLA (SPEETRACARE-2),CIPLA LIMITED  HYDERABAD
UBNP8,NOOTROPIL 800MG TABS,EMV2000157,10,0,0,653.4,466.71,31/10/2022,DR REDDYYS (GRANDERA),DR REDDY`S LABORATORIES LTD   HYDERABAD
DROM2,OMEZ-20MG CAP,E000204,200,0,0,54.21,38.72,31/10/2022,DR.REDDY`S LAB`S(AQURA+SG),DR REDDY`S LABORATORIES LTD   HYDERABAD
DXS15,STAMLO 2.5MG TABS,E901576,24,0,0,54.21,38.72,31/10/2022,DR.REDDY`S LAB`S (ZENURA),DR REDDY`S LABORATORIES LTD   HYDERABAD
DXS15,STAMLO 2.5MG TABS,E901592,60,0,0,54.21,38.72,31/10/2022,DR.REDDY`S LAB`S (ZENURA),DR REDDY`S LABORATORIES LTD   HYDERABAD
MACAR,OLMESAR 40,KOI912A,10,0,0,268,191.43,31/10/2022,MACLEODS (PROCARE) CV,MACLEODS PHARMACEUTICALS LTD  HYDERABAD   TEL
MAND5,FYNAL-500MG TABS,B0AHS015,22,11,1,36.75,26.25,31/10/2022,MANKIND(DISCOVERY),
122338R,EPTOIN 100MG TAB,EPB9066,1,0,0,204.18,145.84,01/10/2022,ABBOTT (NEUROLIFE),ABBOTT HEALTH CARE PVT LTD HYDERABAD
ABBLI,LIBRAX TABS,LXA9032,6,0,0,125.78,89.84,01/10/2022,ABBOTT (GASTROCARE),ABBOTT INDIA LIMITED HYDERABAD
ABBLI,LIBRAX TABS,LXA9035,42,0,0,125.78,89.84,01/10/2022,ABBOTT (GASTROCARE),ABBOTT INDIA LIMITED HYDERABAD
ABBLI,LIBRAX TABS,LXA9034,-2,0,0,125.78,89.84,01/10/2022,ABBOTT (GASTROCARE),ABBOTT INDIA LIMITED HYDERABAD
ABBUL,UDILIV TAB 300MG,140923D7,30,0,0,573.72,437.12,01/10/2022,ABBOTT (WH&GI),ABBOTT INDIA LIMITED HYDERABAD
ACAC5,ATECARD 50MG TAB,1908001471,30,0,0,27.39,19.57,01/10/2022,ALEMBIC  (DABUR) INDIA LIMITED,ALEMBIC PHARMACEUTICALS LTD   HYDERABAD
ALKSUM,SUMO-L650 TABS,19442952,130,9,1,30.22,21.59,01/10/2022,ALKEM (PHARMA),ALKEM LABORATORIES LIMITED    MALKAJGIRI (DIS
ARFLS100,FLEXON SYR,D703L099,24,0,0,39.35,28.1,01/10/2022,ARISTO (MAIN FORCE-2),ARISTO PHARMACEUTICALS PVT LTDHYDERABAD
ASMC1,MIKACIN 100MG VIAL,B03L019,64,10,6,25.7,19.58,01/10/2022,ARISTO (MAIN FORCE-2),ARISTO PHARMACEUTICALS PVT LTDHYDERABAD
ASMC2,MIKACIN 250MG VIAL,B02L039,120,10,10,41,31.24,01/10/2022,ARISTO (MAIN FORCE-2),ARISTO PHARMACEUTICALS PVT LTDHYDERABAD
BIOB0,BASALOG 100 UNITS,19BFH30008,10,0,0,564.5,451.64,01/10/2022,BIOCON (CITIUS),BIOCON BIOLOGIS INDIA LTD  SECUNDERABAD
BIOIN,INSUGEN - N VIAL,BF19006044,20,0,0,154,123.2,01/10/2022,BIOCON,BIOCON BIOLOGIS INDIA LTD  SECUNDERABAD
BEBTA,BETT AMP,A0151919,20,0,0,11.14,8.91,01/10/2022,BIOLOGICAL E.LIMITED,"BIOLOGICAL E, LIMITED         HYDERABAD"
BEBTA,BETT AMP,A0100220,1940,0,0,11.14,8.91,01/10/2022,BIOLOGICAL E.LIMITED,"BIOLOGICAL E, LIMITED         HYDERABAD"
BCMGT,MEFTAGESIC TABS,ZQB1936,10,9,1,38,27.14,01/10/2022,BLUECROSS-LABS(GOLDCROSS) LTD,BLUE CROSS LABORATORIES PVT LTHYDERABAD
BCMGT,MEFTAGESIC TABS,ZQB1940,40,9,1,38,27.14,01/10/2022,BLUECROSS-LABS(GOLDCROSS) LTD,BLUE CROSS LABORATORIES PVT LTHYDERABAD
BCMF5,MEFTAL 500MG TAB,HK1950,51,0,0,26,18.57,01/10/2022,BLUE-CROSS LABS,BLUE CROSS LABORATORIES PVT LTHYDERABAD
CIARS,ALERID SYR,J590878,126,0,0,19.46,13.9,01/10/2022,CIPLA (SPEETRACARE+1),CIPLA LIMITED  HYDERABAD
CCART,ALERID TAB,SB91307,76,9,1,18.06,12.9,01/10/2022,CIPLA (SPEETRACARE+1),CIPLA LIMITED  HYDERABAD
CIB2R,BUDECORT 200MG R CAP,BA93570,1,0,0,95.08,67.91,01/10/2022,CIPLA(RESP MISC),CIPLA LIMITED  HYDERABAD
CIPCI,CIPLOX E/E DROPS,L890736,16,0,0,16.65,11.89,01/10/2022,CIPLA (SPEETRACARE+1),CIPLA LIMITED  HYDERABAD
CIDT1,DYTOR 10MG TABS,SN91756,29,0,0,70.18,50.13,01/10/2022,CIPLA(VITALIS 3),CIPLA LIMITED  HYDERABAD
CIIBP,IBUGESIC-PLUS SYR,SE90833,1,9,1,29.64,21.17,01/10/2022,CIPLA (CRESTA),CIPLA LIMITED  HYDERABAD
CIIGP,IBUGESIC-PLUS TAB,O790413,66,0,0,25,17.86,01/10/2022,CIPLA (CRESTA),CIPLA LIMITED  HYDERABAD
PTOFI,OFLOX I.V.,C890695,120,1,1,143.38,102.41,01/10/2022,CIPLA (CRESTA),CIPLA LIMITED  HYDERABAD
CSS1I,SEROFLO 125MG  CFC  INH,SN91902,7,0,0,471.9,337.07,01/10/2022,CIPLA(RESP 1),CIPLA LIMITED  HYDERABAD
FISBS,SORBILINE SYR,E19020,9,9,1,84.39,60.28,01/10/2022,FRANCO INDIAN,FRANCO-INDIAN PHARMACEUTICALS HYDERABAD
GUZY1,ZYLORIC 100MG TAB,EN298,22,0,0,20.76,14.82,01/10/2022,GLAXOSMITHKLINE(INGENIUM),GLAXOSMITHKLINE PHARMA LIM   HYDERABADA
GUZY1,ZYLORIC 100MG TAB,EN300,60,0,0,20.76,14.82,01/10/2022,GLAXOSMITHKLINE(INGENIUM),GLAXOSMITHKLINE PHARMA LIM   HYDERABADA
BUSGA,BUSCOGAST AMP,319060,400,0,0,11.43,8.58,01/10/2022,AVENTIES(BASE),HARI MARUTI AGENCIES  VIJAYAWADA
HMCTT,CYSTONE TAB,19900891,18,0,0,125,85.93,01/10/2022,THE HIMALAYA DRUG CO ( ZENITH),HARI MARUTI AGENCIES  VIJAYAWADA
HMLS1,LIV-52 SYR,20901743,46,0,0,75,51.57,01/10/2022,THE HIMALAYA DRUG CO ( ZEAL),HARI MARUTI AGENCIES  VIJAYAWADA
HMLS2,LIV-52 SYR,25901189,25,0,0,125,85.93,01/10/2022,THE HIMALAYA DRUG CO ( ZEAL),HARI MARUTI AGENCIES  VIJAYAWADA
AJAME,MELACARE CREAM,G0548,29,10,1,215.5,168.1,01/10/2022,GENARAL COMPANY,HARI MARUTI AGENCIES  VIJAYAWADA
HMPLO,PILEX ONT,91900333,35,0,0,75,51.57,01/10/2022,THE HIMALAYA DRUG CO ( ZENITH),HARI MARUTI AGENCIES  VIJAYAWADA
HMPLT,PILEX TAB,19900884,5,0,0,125,85.93,01/10/2022,THE HIMALAYA DRUG CO ( ZENITH),HARI MARUTI AGENCIES  VIJAYAWADA
INDCI,CITAL H TABS,CGL1K91Q,45,0,0,166.35,118.82,01/10/2022,INDOCO,INDOCO REMEDIES LTD(INDOC)    HYDERABAD
IVC5L,CAL SHAKTI,SY2282,6,5,1,650,520,01/10/2022,INTAS PHARMA (BOVICURRA),INTAS PHARMCEUTICALS LTD HYDERABAD
IVCS1,CAL SHAKTI,SY2424,1,5,1,160,128,01/10/2022,INTAS PHARMA (BOVICURRA),INTAS PHARMCEUTICALS LTD HYDERABAD
IVC5L,CAL SHAKTI,SY2287,10,5,1,650,520,01/10/2022,INTAS PHARMA (BOVICURRA),INTAS PHARMCEUTICALS LTD HYDERABAD
IVCS1,CAL SHAKTI,SY2424,48,5,1,160,128,01/10/2022,INTAS PHARMA (BOVICURRA),INTAS PHARMCEUTICALS LTD HYDERABAD
JBCIL,CILACAR 10MG TABS,KC919082,6,0,0,92.94,66.39,01/10/2022,J.B. CHE&PHARMA LIMITED  (VIVA),J.B.CHEMICALS AND PHARMA      SECUNDERABAD
UQNR1,NICARDIA-RTD 10MG T,ACG9019,24,0,0,35.16,25.12,01/10/2022,J.B. CHE&PHARMA LIMITED  (VIVA),J.B.CHEMICALS AND PHARMA      SECUNDERABAD
PDCD1,CALADRYL LOT**,CA9162,15,0,0,76.16,58.64,01/10/2022,PARKE-DAVIS INDIA LT,LAKSHMI BALAJI AGENCIES       HYDERABAD
KLEC3,EPILEX CHRONO 300MG,AKE0134,30,0,0,103.41,73.87,01/10/2022,KNOLL LENBROOK PHARMA LTD,LAKSHMI BALAJI CORPORATION VIJAYAWADA
JAICS,INDOCAP-SR CAP ***,JSR159,60,10,1,109.5,78.22,01/10/2022,JAGSONPAL PHARMA,LAKSHMI BALAJI CORPORATION VIJAYAWADA
MACOH,OLMESAR H,KOM905A,12,0,0,183,130.71,01/10/2022,MACLEODS (PROCARE) CV,MACLEODS PHARMACEUTICALS LTD  HYDERABAD   TEL
MKASS,ACNESTAR SOAP,A5IBS1585,90,5,1,70,47.46,01/10/2022,MANKIND(SPECIAL),MANKIND PHARMA (SPECIAL)      HYDERABAD
122260R,AMLOKIND- 5 MG  TAB,B0IAS229,110,0,0,13.03,9.31,01/10/2022,MANKIND PHARMA LTD.,MANKIND PHARMA LTD HYDERABAD
122309R,ZENFLOX-OZ TABS,G0IAS034,120,10,2,97.9,69.93,01/10/2022,MANKIND PHARMA LTD.,MANKIND PHARMA LTD HYDERABAD
MASRD,SERAX-D TAB,KW19004,14,10,1,89,63.57,01/10/2022,MARS TERAPEUTICS & CHEMICALS LTD,MARS PHARMA PRIVATE LIMITED HYDERABAD
MEDP6,PARAWEL 650 TABS,HPL185,100,5,1,30,22.5,01/10/2022,MED SUN  (MEDMANOR),MED MANOR ORGANICS PVT LT     HYDERABAD
MENND,NASIVION-N (A) DROPS,M55PZ19052,6,10,1,91.83,65.59,01/10/2022,MERCK,MERCK LIMITED                 HYDERABAD
MENAD,NASIVION-N (P) DROPS,61NP19016,50,11,1,66.55,47.54,01/10/2022,MERCK,MERCK LIMITED                 HYDERABAD
MR1TT,T-STAT 500MG TABS,19104411,1,0,0,178.45,135.96,01/10/2022,MERCURY LABORATORIES LTD,MERCURY LABORATORIES          SECUNDRABAD
SUZCR,ZEPTOL CR 200MG TABS **,ESU1888,34,0,0,16.99,12.14,01/10/2022,SUN PHARMACEUTICAL I LTD,PRUDHVI AGENCIES VIJAYAWADA
HMLDS,LIV-52 DS TAB,72900652,5,0,0,140,96.24,01/10/2022,THE HIMALAYA DRUG CO,RAVINDRA PHARMACEUTICALS VIJAYAWADA
HOAV5,AVIL 50MG TAB,9NA0030,44,0,0,9.1,6.5,01/10/2022,AVENTIES(BASE),SANOFI INDIA LIMITED          HYDERABAD
HOCH2,CARDACE -H 2.5 TAB,9NG007,24,0,0,122.42,87.44,01/10/2022,AVENTIS PHARMA,SANOFI INDIA LIMITED          HYDERABAD
HOLST,LASIX TAB,9NA0067,45,0,0,8.23,6.17,01/10/2022,AVENTIS PHARMA,SANOFI INDIA LIMITED          HYDERABAD
HOTTT,TRENTAL 400MG TABS,9NA0015,64,0,0,56.77,40.55,01/10/2022,AVENTIS PHARMA,SANOFI INDIA LIMITED          HYDERABAD
HOVC2,VALPARIN CHRONO 200,9NG022,30,0,0,65.94,47.1,01/10/2022,AVENTIS PHARMA,SANOFI INDIA LIMITED          HYDERABAD
LUCZ3,CZ-3 TAB**,J901879,1,0,0,17.98,12.85,01/10/2022,LUPIN,SARADA PHARMACY      MADHIRA
DUDLT,DUVADILAN 10MG TAB,DAZA9027,220,19,1,151.66,108.33,01/10/2022,ABBOTT-1,SARADA PHARMACY      MADHIRA
USVG5,GLYCOMET 850MG TABS **,48012776,2,0,0,30,21.43,01/10/2022,USV PHARMA,SARADA PHARMACY      MADHIRA
GEHX8,HEXIDINE MOUTHWASH ***,L90297,8,0,0,90.4,64.57,01/10/2022,WIN MEDICARE,SRI BALAJI PHARMACEUTICALS VIJAYAWADA
PAMOV,MOOV CREAM **,JA104,21,0,0,59,43.32,01/10/2022,PARAS PHARMACETICALS,SRI SHASTHA ENTERPRISES KHAMMAM
PAMOV,MOOV CREAM **,JA106,60,0,0,59,43.32,01/10/2022,PARAS PHARMACETICALS,SRI SHASTHA ENTERPRISES KHAMMAM
PPRIN,MOOV CREAM **,JG985,109,0,0,40,29.37,01/10/2022,PARAS PHARMACETICALS,SRI SHASTHA ENTERPRISES KHAMMAM
SUNZO4,ZOFER 4MG TABS,EMU3043,30,5,1,51.37,36.69,01/10/2022,SUN PHARMA (STANIFE SF),SUN PHARMA DISTRIBUTORS LTD   SHAMEERPET
RAZFO,ZOLE-F OINTMENT,G82719,17,0,0,81,57.86,01/10/2022,RANBAXY(MAXXIM),SUN PHARMA DISTRIBUTORS LTD   SHAMEERPET
URL5T,LOSAR 50MG TAB,8FY8F005,6,0,0,107.85,77.04,01/10/2022,TORRENT (CV LIFE),TORRENT PHARMACEUTICALS LTD   HYDERABAD
URL5T,LOSAR 50MG TAB,8FY8F005,111,0,0,107.85,77.04,01/10/2022,TORRENT (CV LIFE),TORRENT PHARMACEUTICALS LTD   HYDERABAD
JUDAR,DART TABS ***,1911076,35,5,1,28.8,20.57,01/10/2022,JUGGAT PHARMA,TRINETRA PHARMA    HYDERABAD
FTFBT,FOURTS-B TAB ***,G1678,86,10,1,57,40.71,01/10/2022,FOURRTS,TRINETRA PHARMA    HYDERABAD
FOTSU,SUCRAFIL-O SYRUP ***,G2244,44,9,1,229,163.57,01/10/2022,FOURRTS,TRINETRA PHARMA    HYDERABAD
H&HDAC,DERMADEW ACNE SOAP,B115,13,0,0,175,118.64,01/10/2022,H&H PHARMA (COSMECEUTICAL),VEGAVAAN PHARMA      SECUNDERABAD
H&HDAC,DERMADEW ACNE SOAP,B115,20,0,0,175,118.64,01/10/2022,H&H PHARMA (COSMECEUTICAL),VEGAVAAN PHARMA      SECUNDERABAD
H&HDEB,DERMADEW BABY SOAP,B128,18,0,0,179,121.36,01/10/2022,H&H PHARMA (WELLNESS),VEGAVAAN PHARMA      SECUNDERABAD
H&HDBC,DERMADEW BACT SOAP,B045,50,0,0,175,118.64,01/10/2022,H&H PHARMA (HEALTHCARE),VEGAVAAN PHARMA      SECUNDERABAD
H&HDEL,DERMADEW LITE SOAP,B050,8,0,0,175,118.64,01/10/2022,H&H PHARMA (COSMECEUTICAL),VEGAVAAN PHARMA      SECUNDERABAD
CDAAT,ANDIAL TAB,SVADL1936,590,9,1,21.6,16.2,01/10/2022,VERITAZ HEALTHCARE LIMITED,VERITAZ HEALTHCARE LIMITED    HYDERABAD
CDAAT,ANDIAL TAB,SVADL1939,10,9,1,21.6,16.2,01/10/2022,VERITAZ HEALTHCARE LIMITED,VERITAZ HEALTHCARE LIMITED    HYDERABAD
RPSNI,STEMETIL AMP **,NFE0325,5,0,0,203.28,145.2,01/10/2022,NICHOLAS PIRAMAL INDIA LTD,VIJAYA DURGA AGENCIES   VIJAYAWADA
WLFDS,FLUCOLD DS SUSP,FGR9012,85,5,1,63.8,45.57,01/10/2022,WALLACE PHARMA,WALLACE PHARMACEUTICALS PVT.LTHYDERABAD
WALLGP3,KEYLYTE SYRUP,KLR9013,9,0,0,57.75,41.25,01/10/2022,WALLACE PHARMA,WALLACE PHARMACEUTICALS PVT.LTHYDERABAD
WLPMT,PARAMET TAB,PMR9047,125,0,0,24,17.14,01/10/2022,WALLACE PHARMA,WALLACE PHARMACEUTICALS PVT.LTHYDERABAD
GMBLV,BILOVAS TABS,I904227,31,0,0,197.8,141.29,01/10/2022,GERMAN REMADIES LTD,ZYDUS HEALTHCARE LIMITED      HYDERABAD
ECAM5,ASOMEX 5MG TAB,E16AQ19010,4,0,0,142.15,101.54,01/10/2022,EMCURE PHARMACEUTICALS LTD,
MADP3,DM-P3 SYR,BM14002,93,9,1,60,42.86,01/10/2022,MARS TERAPEUTICS & CHEMICALS LTD,
CESIN,SINAREST TAB ***,CK925,33,9,1,50.71,36.22,01/10/2022,CENTAUR,
UBAT2,ATARAX 25MG TAB,EMV1901203,50,0,0,64.5,46.07,30/09/2022,DR REDDYYS (GRANDERA),DR REDDY`S LABORATORIES LTD   HYDERABAD
DXAC2,ATOCOR-20MG TABS,E901459,20,0,0,218.4,156,30/09/2022,DR.REDDY`S LAB`S(XENURA),DR REDDY`S LABORATORIES LTD   HYDERABAD
DPKTT,KETOROL TAB,E901297,32,0,0,58,41.43,30/09/2022,DR.REDDY`S LAB`S(RECURA ACE),DR REDDY`S LABORATORIES LTD   HYDERABAD
MACET,ETIZOLA 0.25MG,KEI905C,18,0,0,34,24.29,30/09/2022,MACLEODS (PROCARE) CV,MACLEODS PHARMACEUTICALS LTD  HYDERABAD   TEL
GRCMP,CANDID MOUTH PAINT,11192021,60,0,0,140,100,30/09/2022,GLENMARK PHARMA(MILIUS),SAI DWAR PHARMACEUTICALS HYDERABAD(GLENMARK)
ICID1,INDERAL 10MG TAB,INA9015,74,0,0,18.92,13.51,01/09/2022,ABBOTT (NEUROLIFE),ABBOTT INDIA LIMITED HYDERABAD
ICID1,INDERAL 10MG TAB,INA9015,40,0,0,18.92,13.51,01/09/2022,ABBOTT (NEUROLIFE),ABBOTT INDIA LIMITED HYDERABAD
ABBUL,UDILIV TAB 300MG,130930D7,38,0,0,573.72,437.12,01/09/2022,ABBOTT (WH&GI),ABBOTT INDIA LIMITED HYDERABAD
ACAC2,ATECARD 25MG TAB,1908001277,30,0,0,36.5,26.07,01/09/2022,ALEMBIC  (DABUR) INDIA LIMITED,ALEMBIC PHARMACEUTICALS LTD   HYDERABAD
ACWKT,WIKORYL TAB,1908001257,25,9,1,43.8,31.29,01/09/2022,ALEMBIC LTD(MAXIS DIVISION),ALEMBIC PHARMACEUTICALS LTD   HYDERABAD
AFDBF,BEPLEX FORTE TABS,06046P,2,0,0,35.35,25.25,01/09/2022,ANGLO FRENCH DRUGD,ANGLO FRENCH DRUGS & INDST LTDHYDERABAD
BIOIN,INSUGEN - N VIAL,BF19004464,1,0,0,154,123.2,01/09/2022,BIOCON,BIOCON BIOLOGIS INDIA LTD  SECUNDERABAD
BIINS,INSUGEN-30/70  100 UNITS,BF19004682,1,0,0,429.37,343.49,01/09/2022,BIOCON,BIOCON BIOLOGIS INDIA LTD  SECUNDERABAD
CIES2,EMESET AMP,L690344,240,6,4,12.81,9.15,01/09/2022,CIPLA (SPEETRACARE-2),CIPLA LIMITED  HYDERABAD
CCNFT,NORFLOX-TZ TAB,G1879198,32,5,1,80.76,57.69,01/09/2022,CIPLA (SPEETRACARE+1),CIPLA LIMITED  HYDERABAD
PTOFI,OFLOX I.V.,C890614,71,1,1,143.38,102.41,01/09/2022,CIPLA (CRESTA),CIPLA LIMITED  HYDERABAD
DCENC,ECONORM SAC,3558,126,0,0,48,34.29,01/09/2022,DR.REDDYS (VENTURA),DR REDDY`S LABORATORIES LTD   HYDERABAD
DCENC,ECONORM SAC,3574,-32,0,0,48,34.29,01/09/2022,DR.REDDYS (VENTURA),DR REDDY`S LABORATORIES LTD   HYDERABAD
DCENC,ECONORM SAC,3574,14,0,0,48,34.29,01/09/2022,DR.REDDYS (VENTURA),DR REDDY`S LABORATORIES LTD   HYDERABAD
DCENC,ECONORM SAC,3574,12,0,0,48,34.29,01/09/2022,DR.REDDYS (VENTURA),DR REDDY`S LABORATORIES LTD   HYDERABAD
DPKTT,KETOROL TAB,E901296,32,0,0,58,41.43,01/09/2022,DR.REDDY`S LAB`S(RECURA ACE),DR REDDY`S LABORATORIES LTD   HYDERABAD
FBGMD,GLIMET-DS TAB,M19028,120,0,0,14.9,10.64,01/09/2022,FRANCO-INDIAN (DIABETIX),FRANCO-INDIAN PHARMACEUTICALS HYDERABAD
FBGMD,GLIMET-DS TAB,M19032,-10,0,0,14.9,10.64,01/09/2022,FRANCO-INDIAN (DIABETIX),FRANCO-INDIAN PHARMACEUTICALS HYDERABAD
FISB2,SORBILINE SYR,E19009,12,9,1,127.18,90.84,01/09/2022,FRANCO INDIAN,FRANCO-INDIAN PHARMACEUTICALS HYDERABAD
FISB2,SORBILINE SYR,E19009,30,9,1,127.18,90.84,01/09/2022,FRANCO INDIAN,FRANCO-INDIAN PHARMACEUTICALS HYDERABAD
